year,sexe,age,deces,perimetre
1986,femmes,0,2650,France métropolitaine
1986,femmes,1,213,France métropolitaine
1986,femmes,2,150,France métropolitaine
1986,femmes,3,118,France métropolitaine
1986,femmes,4,106,France métropolitaine
1986,femmes,5,81,France métropolitaine
1986,femmes,6,86,France métropolitaine
1986,femmes,7,65,France métropolitaine
1986,femmes,8,80,France métropolitaine
1986,femmes,9,54,France métropolitaine
1986,femmes,10,58,France métropolitaine
1986,femmes,11,65,France métropolitaine
1986,femmes,12,65,France métropolitaine
1986,femmes,13,76,France métropolitaine
1986,femmes,14,115,France métropolitaine
1986,femmes,15,108,France métropolitaine
1986,femmes,16,162,France métropolitaine
1986,femmes,17,182,France métropolitaine
1986,femmes,18,222,France métropolitaine
1986,femmes,19,213,France métropolitaine
1986,femmes,20,241,France métropolitaine
1986,femmes,21,211,France métropolitaine
1986,femmes,22,209,France métropolitaine
1986,femmes,23,203,France métropolitaine
1986,femmes,24,218,France métropolitaine
1986,femmes,25,230,France métropolitaine
1986,femmes,26,227,France métropolitaine
1986,femmes,27,247,France métropolitaine
1986,femmes,28,251,France métropolitaine
1986,femmes,29,231,France métropolitaine
1986,femmes,30,256,France métropolitaine
1986,femmes,31,292,France métropolitaine
1986,femmes,32,291,France métropolitaine
1986,femmes,33,315,France métropolitaine
1986,femmes,34,358,France métropolitaine
1986,femmes,35,363,France métropolitaine
1986,femmes,36,449,France métropolitaine
1986,femmes,37,423,France métropolitaine
1986,femmes,38,477,France métropolitaine
1986,femmes,39,476,France métropolitaine
1986,femmes,40,503,France métropolitaine
1986,femmes,41,426,France métropolitaine
1986,femmes,42,463,France métropolitaine
1986,femmes,43,511,France métropolitaine
1986,femmes,44,524,France métropolitaine
1986,femmes,45,486,France métropolitaine
1986,femmes,46,603,France métropolitaine
1986,femmes,47,678,France métropolitaine
1986,femmes,48,739,France métropolitaine
1986,femmes,49,785,France métropolitaine
1986,femmes,50,911,France métropolitaine
1986,femmes,51,1007,France métropolitaine
1986,femmes,52,1044,France métropolitaine
1986,femmes,53,1191,France métropolitaine
1986,femmes,54,1289,France métropolitaine
1986,femmes,55,1398,France métropolitaine
1986,femmes,56,1478,France métropolitaine
1986,femmes,57,1555,France métropolitaine
1986,femmes,58,1705,France métropolitaine
1986,femmes,59,1813,France métropolitaine
1986,femmes,60,2043,France métropolitaine
1986,femmes,61,2045,France métropolitaine
1986,femmes,62,2247,France métropolitaine
1986,femmes,63,2418,France métropolitaine
1986,femmes,64,2746,France métropolitaine
1986,femmes,65,2939,France métropolitaine
1986,femmes,66,2760,France métropolitaine
1986,femmes,67,1876,France métropolitaine
1986,femmes,68,2021,France métropolitaine
1986,femmes,69,1993,France métropolitaine
1986,femmes,70,2275,France métropolitaine
1986,femmes,71,3856,France métropolitaine
1986,femmes,72,4865,France métropolitaine
1986,femmes,73,5543,France métropolitaine
1986,femmes,74,5817,France métropolitaine
1986,femmes,75,6513,France métropolitaine
1986,femmes,76,7480,France métropolitaine
1986,femmes,77,8113,France métropolitaine
1986,femmes,78,8775,France métropolitaine
1986,femmes,79,9279,France métropolitaine
1986,femmes,80,10042,France métropolitaine
1986,femmes,81,10813,France métropolitaine
1986,femmes,82,11398,France métropolitaine
1986,femmes,83,11644,France métropolitaine
1986,femmes,84,11869,France métropolitaine
1986,femmes,85,11691,France métropolitaine
1986,femmes,86,11106,France métropolitaine
1986,femmes,87,10573,France métropolitaine
1986,femmes,88,9924,France métropolitaine
1986,femmes,89,9430,France métropolitaine
1986,femmes,90,7900,France métropolitaine
1986,femmes,91,6893,France métropolitaine
1986,femmes,92,5840,France métropolitaine
1986,femmes,93,4771,France métropolitaine
1986,femmes,94,3870,France métropolitaine
1986,femmes,95,2848,France métropolitaine
1986,femmes,96,2235,France métropolitaine
1986,femmes,97,1661,France métropolitaine
1986,femmes,98,1140,France métropolitaine
1986,femmes,99,714,France métropolitaine
1986,femmes,100,1235,France métropolitaine
1987,femmes,0,2445,France métropolitaine
1987,femmes,1,218,France métropolitaine
1987,femmes,2,120,France métropolitaine
1987,femmes,3,106,France métropolitaine
1987,femmes,4,90,France métropolitaine
1987,femmes,5,99,France métropolitaine
1987,femmes,6,84,France métropolitaine
1987,femmes,7,76,France métropolitaine
1987,femmes,8,60,France métropolitaine
1987,femmes,9,58,France métropolitaine
1987,femmes,10,47,France métropolitaine
1987,femmes,11,60,France métropolitaine
1987,femmes,12,63,France métropolitaine
1987,femmes,13,79,France métropolitaine
1987,femmes,14,94,France métropolitaine
1987,femmes,15,116,France métropolitaine
1987,femmes,16,121,France métropolitaine
1987,femmes,17,152,France métropolitaine
1987,femmes,18,164,France métropolitaine
1987,femmes,19,199,France métropolitaine
1987,femmes,20,202,France métropolitaine
1987,femmes,21,181,France métropolitaine
1987,femmes,22,196,France métropolitaine
1987,femmes,23,220,France métropolitaine
1987,femmes,24,213,France métropolitaine
1987,femmes,25,218,France métropolitaine
1987,femmes,26,195,France métropolitaine
1987,femmes,27,215,France métropolitaine
1987,femmes,28,243,France métropolitaine
1987,femmes,29,262,France métropolitaine
1987,femmes,30,274,France métropolitaine
1987,femmes,31,272,France métropolitaine
1987,femmes,32,301,France métropolitaine
1987,femmes,33,290,France métropolitaine
1987,femmes,34,334,France métropolitaine
1987,femmes,35,367,France métropolitaine
1987,femmes,36,417,France métropolitaine
1987,femmes,37,441,France métropolitaine
1987,femmes,38,463,France métropolitaine
1987,femmes,39,528,France métropolitaine
1987,femmes,40,519,France métropolitaine
1987,femmes,41,527,France métropolitaine
1987,femmes,42,483,France métropolitaine
1987,femmes,43,499,France métropolitaine
1987,femmes,44,534,France métropolitaine
1987,femmes,45,500,France métropolitaine
1987,femmes,46,542,France métropolitaine
1987,femmes,47,640,France métropolitaine
1987,femmes,48,733,France métropolitaine
1987,femmes,49,745,France métropolitaine
1987,femmes,50,890,France métropolitaine
1987,femmes,51,925,France métropolitaine
1987,femmes,52,1029,France métropolitaine
1987,femmes,53,1102,France métropolitaine
1987,femmes,54,1262,France métropolitaine
1987,femmes,55,1387,France métropolitaine
1987,femmes,56,1412,France métropolitaine
1987,femmes,57,1546,France métropolitaine
1987,femmes,58,1594,France métropolitaine
1987,femmes,59,1766,France métropolitaine
1987,femmes,60,1851,France métropolitaine
1987,femmes,61,1958,France métropolitaine
1987,femmes,62,2164,France métropolitaine
1987,femmes,63,2321,France métropolitaine
1987,femmes,64,2452,France métropolitaine
1987,femmes,65,2836,France métropolitaine
1987,femmes,66,3120,France métropolitaine
1987,femmes,67,2908,France métropolitaine
1987,femmes,68,2074,France métropolitaine
1987,femmes,69,2094,France métropolitaine
1987,femmes,70,2003,France métropolitaine
1987,femmes,71,2302,France métropolitaine
1987,femmes,72,4103,France métropolitaine
1987,femmes,73,5092,France métropolitaine
1987,femmes,74,5723,France métropolitaine
1987,femmes,75,6138,France métropolitaine
1987,femmes,76,6709,France métropolitaine
1987,femmes,77,7766,France métropolitaine
1987,femmes,78,8281,France métropolitaine
1987,femmes,79,8909,France métropolitaine
1987,femmes,80,9706,France métropolitaine
1987,femmes,81,10173,France métropolitaine
1987,femmes,82,10549,France métropolitaine
1987,femmes,83,10946,France métropolitaine
1987,femmes,84,11294,France métropolitaine
1987,femmes,85,11334,France métropolitaine
1987,femmes,86,10687,France métropolitaine
1987,femmes,87,10152,France métropolitaine
1987,femmes,88,9538,France métropolitaine
1987,femmes,89,9101,France métropolitaine
1987,femmes,90,8021,France métropolitaine
1987,femmes,91,6630,France métropolitaine
1987,femmes,92,5825,France métropolitaine
1987,femmes,93,4758,France métropolitaine
1987,femmes,94,3768,France métropolitaine
1987,femmes,95,2917,France métropolitaine
1987,femmes,96,2205,France métropolitaine
1987,femmes,97,1531,France métropolitaine
1987,femmes,98,1170,France métropolitaine
1987,femmes,99,754,France métropolitaine
1987,femmes,100,1325,France métropolitaine
1988,femmes,0,2512,France métropolitaine
1988,femmes,1,234,France métropolitaine
1988,femmes,2,119,France métropolitaine
1988,femmes,3,104,France métropolitaine
1988,femmes,4,85,France métropolitaine
1988,femmes,5,72,France métropolitaine
1988,femmes,6,71,France métropolitaine
1988,femmes,7,63,France métropolitaine
1988,femmes,8,58,France métropolitaine
1988,femmes,9,62,France métropolitaine
1988,femmes,10,61,France métropolitaine
1988,femmes,11,56,France métropolitaine
1988,femmes,12,58,France métropolitaine
1988,femmes,13,71,France métropolitaine
1988,femmes,14,71,France métropolitaine
1988,femmes,15,113,France métropolitaine
1988,femmes,16,136,France métropolitaine
1988,femmes,17,158,France métropolitaine
1988,femmes,18,173,France métropolitaine
1988,femmes,19,196,France métropolitaine
1988,femmes,20,185,France métropolitaine
1988,femmes,21,200,France métropolitaine
1988,femmes,22,205,France métropolitaine
1988,femmes,23,189,France métropolitaine
1988,femmes,24,226,France métropolitaine
1988,femmes,25,209,France métropolitaine
1988,femmes,26,245,France métropolitaine
1988,femmes,27,230,France métropolitaine
1988,femmes,28,244,France métropolitaine
1988,femmes,29,243,France métropolitaine
1988,femmes,30,266,France métropolitaine
1988,femmes,31,272,France métropolitaine
1988,femmes,32,282,France métropolitaine
1988,femmes,33,307,France métropolitaine
1988,femmes,34,334,France métropolitaine
1988,femmes,35,374,France métropolitaine
1988,femmes,36,425,France métropolitaine
1988,femmes,37,454,France métropolitaine
1988,femmes,38,449,France métropolitaine
1988,femmes,39,482,France métropolitaine
1988,femmes,40,523,France métropolitaine
1988,femmes,41,588,France métropolitaine
1988,femmes,42,582,France métropolitaine
1988,femmes,43,497,France métropolitaine
1988,femmes,44,589,France métropolitaine
1988,femmes,45,589,France métropolitaine
1988,femmes,46,564,France métropolitaine
1988,femmes,47,577,France métropolitaine
1988,femmes,48,668,France métropolitaine
1988,femmes,49,745,France métropolitaine
1988,femmes,50,815,France métropolitaine
1988,femmes,51,906,France métropolitaine
1988,femmes,52,992,France métropolitaine
1988,femmes,53,1170,France métropolitaine
1988,femmes,54,1142,France métropolitaine
1988,femmes,55,1211,France métropolitaine
1988,femmes,56,1376,France métropolitaine
1988,femmes,57,1583,France métropolitaine
1988,femmes,58,1640,France métropolitaine
1988,femmes,59,1668,France métropolitaine
1988,femmes,60,1826,France métropolitaine
1988,femmes,61,1979,France métropolitaine
1988,femmes,62,2096,France métropolitaine
1988,femmes,63,2247,France métropolitaine
1988,femmes,64,2420,France métropolitaine
1988,femmes,65,2597,France métropolitaine
1988,femmes,66,3010,France métropolitaine
1988,femmes,67,3268,France métropolitaine
1988,femmes,68,3179,France métropolitaine
1988,femmes,69,2096,France métropolitaine
1988,femmes,70,2263,France métropolitaine
1988,femmes,71,2246,France métropolitaine
1988,femmes,72,2511,France métropolitaine
1988,femmes,73,4340,France métropolitaine
1988,femmes,74,5466,France métropolitaine
1988,femmes,75,6213,France métropolitaine
1988,femmes,76,6552,France métropolitaine
1988,femmes,77,7238,France métropolitaine
1988,femmes,78,8217,France métropolitaine
1988,femmes,79,8726,France métropolitaine
1988,femmes,80,9529,France métropolitaine
1988,femmes,81,9830,France métropolitaine
1988,femmes,82,10571,France métropolitaine
1988,femmes,83,10984,France métropolitaine
1988,femmes,84,11089,France métropolitaine
1988,femmes,85,11306,France métropolitaine
1988,femmes,86,11307,France métropolitaine
1988,femmes,87,10667,France métropolitaine
1988,femmes,88,9872,France métropolitaine
1988,femmes,89,8816,France métropolitaine
1988,femmes,90,8081,France métropolitaine
1988,femmes,91,7311,France métropolitaine
1988,femmes,92,6143,France métropolitaine
1988,femmes,93,4907,France métropolitaine
1988,femmes,94,3993,France métropolitaine
1988,femmes,95,3103,France métropolitaine
1988,femmes,96,2349,France métropolitaine
1988,femmes,97,1732,France métropolitaine
1988,femmes,98,1202,France métropolitaine
1988,femmes,99,781,France métropolitaine
1988,femmes,100,1362,France métropolitaine
1989,femmes,0,2391,France métropolitaine
1989,femmes,1,217,France métropolitaine
1989,femmes,2,122,France métropolitaine
1989,femmes,3,108,France métropolitaine
1989,femmes,4,88,France métropolitaine
1989,femmes,5,74,France métropolitaine
1989,femmes,6,70,France métropolitaine
1989,femmes,7,65,France métropolitaine
1989,femmes,8,62,France métropolitaine
1989,femmes,9,65,France métropolitaine
1989,femmes,10,70,France métropolitaine
1989,femmes,11,59,France métropolitaine
1989,femmes,12,56,France métropolitaine
1989,femmes,13,79,France métropolitaine
1989,femmes,14,87,France métropolitaine
1989,femmes,15,102,France métropolitaine
1989,femmes,16,101,France métropolitaine
1989,femmes,17,148,France métropolitaine
1989,femmes,18,190,France métropolitaine
1989,femmes,19,201,France métropolitaine
1989,femmes,20,214,France métropolitaine
1989,femmes,21,191,France métropolitaine
1989,femmes,22,188,France métropolitaine
1989,femmes,23,210,France métropolitaine
1989,femmes,24,223,France métropolitaine
1989,femmes,25,207,France métropolitaine
1989,femmes,26,243,France métropolitaine
1989,femmes,27,206,France métropolitaine
1989,femmes,28,244,France métropolitaine
1989,femmes,29,259,France métropolitaine
1989,femmes,30,259,France métropolitaine
1989,femmes,31,272,France métropolitaine
1989,femmes,32,273,France métropolitaine
1989,femmes,33,336,France métropolitaine
1989,femmes,34,383,France métropolitaine
1989,femmes,35,350,France métropolitaine
1989,femmes,36,404,France métropolitaine
1989,femmes,37,431,France métropolitaine
1989,femmes,38,436,France métropolitaine
1989,femmes,39,588,France métropolitaine
1989,femmes,40,551,France métropolitaine
1989,femmes,41,620,France métropolitaine
1989,femmes,42,596,France métropolitaine
1989,femmes,43,592,France métropolitaine
1989,femmes,44,560,France métropolitaine
1989,femmes,45,604,France métropolitaine
1989,femmes,46,561,France métropolitaine
1989,femmes,47,575,France métropolitaine
1989,femmes,48,572,France métropolitaine
1989,femmes,49,771,France métropolitaine
1989,femmes,50,802,France métropolitaine
1989,femmes,51,866,France métropolitaine
1989,femmes,52,957,France métropolitaine
1989,femmes,53,1016,France métropolitaine
1989,femmes,54,1129,France métropolitaine
1989,femmes,55,1220,France métropolitaine
1989,femmes,56,1300,France métropolitaine
1989,femmes,57,1511,France métropolitaine
1989,femmes,58,1615,France métropolitaine
1989,femmes,59,1695,France métropolitaine
1989,femmes,60,1745,France métropolitaine
1989,femmes,61,1935,France métropolitaine
1989,femmes,62,2047,France métropolitaine
1989,femmes,63,2251,France métropolitaine
1989,femmes,64,2485,France métropolitaine
1989,femmes,65,2668,France métropolitaine
1989,femmes,66,2767,France métropolitaine
1989,femmes,67,3116,France métropolitaine
1989,femmes,68,3399,France métropolitaine
1989,femmes,69,3302,France métropolitaine
1989,femmes,70,2253,France métropolitaine
1989,femmes,71,2421,France métropolitaine
1989,femmes,72,2348,France métropolitaine
1989,femmes,73,2554,France métropolitaine
1989,femmes,74,4700,France métropolitaine
1989,femmes,75,6030,France métropolitaine
1989,femmes,76,6607,France métropolitaine
1989,femmes,77,7017,France métropolitaine
1989,femmes,78,7593,France métropolitaine
1989,femmes,79,8623,France métropolitaine
1989,femmes,80,9415,France métropolitaine
1989,femmes,81,9896,France métropolitaine
1989,femmes,82,10557,France métropolitaine
1989,femmes,83,10939,France métropolitaine
1989,femmes,84,11429,France métropolitaine
1989,femmes,85,11557,France métropolitaine
1989,femmes,86,11454,France métropolitaine
1989,femmes,87,11241,France métropolitaine
1989,femmes,88,10587,France métropolitaine
1989,femmes,89,9516,France métropolitaine
1989,femmes,90,8672,France métropolitaine
1989,femmes,91,7458,France métropolitaine
1989,femmes,92,6641,France métropolitaine
1989,femmes,93,5483,France métropolitaine
1989,femmes,94,4343,France métropolitaine
1989,femmes,95,3489,France métropolitaine
1989,femmes,96,2593,France métropolitaine
1989,femmes,97,1764,France métropolitaine
1989,femmes,98,1310,France métropolitaine
1989,femmes,99,861,France métropolitaine
1989,femmes,100,1569,France métropolitaine
1990,femmes,0,2315,France métropolitaine
1990,femmes,1,184,France métropolitaine
1990,femmes,2,119,France métropolitaine
1990,femmes,3,86,France métropolitaine
1990,femmes,4,74,France métropolitaine
1990,femmes,5,62,France métropolitaine
1990,femmes,6,64,France métropolitaine
1990,femmes,7,58,France métropolitaine
1990,femmes,8,57,France métropolitaine
1990,femmes,9,64,France métropolitaine
1990,femmes,10,62,France métropolitaine
1990,femmes,11,55,France métropolitaine
1990,femmes,12,55,France métropolitaine
1990,femmes,13,68,France métropolitaine
1990,femmes,14,59,France métropolitaine
1990,femmes,15,92,France métropolitaine
1990,femmes,16,109,France métropolitaine
1990,femmes,17,164,France métropolitaine
1990,femmes,18,177,France métropolitaine
1990,femmes,19,187,France métropolitaine
1990,femmes,20,184,France métropolitaine
1990,femmes,21,180,France métropolitaine
1990,femmes,22,175,France métropolitaine
1990,femmes,23,190,France métropolitaine
1990,femmes,24,196,France métropolitaine
1990,femmes,25,220,France métropolitaine
1990,femmes,26,242,France métropolitaine
1990,femmes,27,249,France métropolitaine
1990,femmes,28,227,France métropolitaine
1990,femmes,29,236,France métropolitaine
1990,femmes,30,272,France métropolitaine
1990,femmes,31,281,France métropolitaine
1990,femmes,32,274,France métropolitaine
1990,femmes,33,315,France métropolitaine
1990,femmes,34,359,France métropolitaine
1990,femmes,35,362,France métropolitaine
1990,femmes,36,409,France métropolitaine
1990,femmes,37,396,France métropolitaine
1990,femmes,38,483,France métropolitaine
1990,femmes,39,471,France métropolitaine
1990,femmes,40,521,France métropolitaine
1990,femmes,41,556,France métropolitaine
1990,femmes,42,614,France métropolitaine
1990,femmes,43,665,France métropolitaine
1990,femmes,44,612,France métropolitaine
1990,femmes,45,562,France métropolitaine
1990,femmes,46,627,France métropolitaine
1990,femmes,47,614,France métropolitaine
1990,femmes,48,612,France métropolitaine
1990,femmes,49,590,France métropolitaine
1990,femmes,50,785,France métropolitaine
1990,femmes,51,846,France métropolitaine
1990,femmes,52,929,France métropolitaine
1990,femmes,53,944,France métropolitaine
1990,femmes,54,1078,France métropolitaine
1990,femmes,55,1179,France métropolitaine
1990,femmes,56,1281,France métropolitaine
1990,femmes,57,1340,France métropolitaine
1990,femmes,58,1622,France métropolitaine
1990,femmes,59,1727,France métropolitaine
1990,femmes,60,1764,France métropolitaine
1990,femmes,61,1839,France métropolitaine
1990,femmes,62,2012,France métropolitaine
1990,femmes,63,2156,France métropolitaine
1990,femmes,64,2323,France métropolitaine
1990,femmes,65,2373,France métropolitaine
1990,femmes,66,2642,France métropolitaine
1990,femmes,67,2953,France métropolitaine
1990,femmes,68,3296,France métropolitaine
1990,femmes,69,3694,France métropolitaine
1990,femmes,70,3472,France métropolitaine
1990,femmes,71,2437,France métropolitaine
1990,femmes,72,2586,France métropolitaine
1990,femmes,73,2597,France métropolitaine
1990,femmes,74,2861,France métropolitaine
1990,femmes,75,5184,France métropolitaine
1990,femmes,76,6247,France métropolitaine
1990,femmes,77,7212,France métropolitaine
1990,femmes,78,7406,France métropolitaine
1990,femmes,79,8443,France métropolitaine
1990,femmes,80,9145,France métropolitaine
1990,femmes,81,9872,France métropolitaine
1990,femmes,82,10612,France métropolitaine
1990,femmes,83,10857,France métropolitaine
1990,femmes,84,11217,France métropolitaine
1990,femmes,85,11364,France métropolitaine
1990,femmes,86,11455,France métropolitaine
1990,femmes,87,11214,France métropolitaine
1990,femmes,88,10678,France métropolitaine
1990,femmes,89,10096,France métropolitaine
1990,femmes,90,8863,France métropolitaine
1990,femmes,91,7638,France métropolitaine
1990,femmes,92,6847,France métropolitaine
1990,femmes,93,5755,France métropolitaine
1990,femmes,94,4687,France métropolitaine
1990,femmes,95,3497,France métropolitaine
1990,femmes,96,2733,France métropolitaine
1990,femmes,97,1982,France métropolitaine
1990,femmes,98,1330,France métropolitaine
1990,femmes,99,954,France métropolitaine
1990,femmes,100,1708,France métropolitaine
1991,femmes,0,2269,France métropolitaine
1991,femmes,1,213,France métropolitaine
1991,femmes,2,137,France métropolitaine
1991,femmes,3,86,France métropolitaine
1991,femmes,4,88,France métropolitaine
1991,femmes,5,74,France métropolitaine
1991,femmes,6,64,France métropolitaine
1991,femmes,7,53,France métropolitaine
1991,femmes,8,66,France métropolitaine
1991,femmes,9,57,France métropolitaine
1991,femmes,10,53,France métropolitaine
1991,femmes,11,60,France métropolitaine
1991,femmes,12,56,France métropolitaine
1991,femmes,13,64,France métropolitaine
1991,femmes,14,66,France métropolitaine
1991,femmes,15,91,France métropolitaine
1991,femmes,16,113,France métropolitaine
1991,femmes,17,133,France métropolitaine
1991,femmes,18,181,France métropolitaine
1991,femmes,19,182,France métropolitaine
1991,femmes,20,189,France métropolitaine
1991,femmes,21,171,France métropolitaine
1991,femmes,22,212,France métropolitaine
1991,femmes,23,198,France métropolitaine
1991,femmes,24,205,France métropolitaine
1991,femmes,25,212,France métropolitaine
1991,femmes,26,268,France métropolitaine
1991,femmes,27,255,France métropolitaine
1991,femmes,28,234,France métropolitaine
1991,femmes,29,286,France métropolitaine
1991,femmes,30,254,France métropolitaine
1991,femmes,31,279,France métropolitaine
1991,femmes,32,305,France métropolitaine
1991,femmes,33,320,France métropolitaine
1991,femmes,34,375,France métropolitaine
1991,femmes,35,374,France métropolitaine
1991,femmes,36,374,France métropolitaine
1991,femmes,37,375,France métropolitaine
1991,femmes,38,442,France métropolitaine
1991,femmes,39,462,France métropolitaine
1991,femmes,40,538,France métropolitaine
1991,femmes,41,611,France métropolitaine
1991,femmes,42,627,France métropolitaine
1991,femmes,43,655,France métropolitaine
1991,femmes,44,688,France métropolitaine
1991,femmes,45,671,France métropolitaine
1991,femmes,46,611,France métropolitaine
1991,femmes,47,658,France métropolitaine
1991,femmes,48,653,France métropolitaine
1991,femmes,49,676,France métropolitaine
1991,femmes,50,631,France métropolitaine
1991,femmes,51,782,France métropolitaine
1991,femmes,52,943,France métropolitaine
1991,femmes,53,933,France métropolitaine
1991,femmes,54,1027,France métropolitaine
1991,femmes,55,1118,France métropolitaine
1991,femmes,56,1180,France métropolitaine
1991,femmes,57,1308,France métropolitaine
1991,femmes,58,1497,France métropolitaine
1991,femmes,59,1672,France métropolitaine
1991,femmes,60,1703,France métropolitaine
1991,femmes,61,1848,France métropolitaine
1991,femmes,62,2019,France métropolitaine
1991,femmes,63,2194,France métropolitaine
1991,femmes,64,2312,France métropolitaine
1991,femmes,65,2503,France métropolitaine
1991,femmes,66,2738,France métropolitaine
1991,femmes,67,2857,France métropolitaine
1991,femmes,68,3208,France métropolitaine
1991,femmes,69,3604,France métropolitaine
1991,femmes,70,4056,France métropolitaine
1991,femmes,71,3768,France métropolitaine
1991,femmes,72,2570,France métropolitaine
1991,femmes,73,2766,France métropolitaine
1991,femmes,74,2723,France métropolitaine
1991,femmes,75,2974,France métropolitaine
1991,femmes,76,5443,France métropolitaine
1991,femmes,77,6733,France métropolitaine
1991,femmes,78,7638,France métropolitaine
1991,femmes,79,8015,France métropolitaine
1991,femmes,80,8873,France métropolitaine
1991,femmes,81,9679,France métropolitaine
1991,femmes,82,10309,France métropolitaine
1991,femmes,83,10810,France métropolitaine
1991,femmes,84,11142,France métropolitaine
1991,femmes,85,11395,France métropolitaine
1991,femmes,86,11306,France métropolitaine
1991,femmes,87,11233,France métropolitaine
1991,femmes,88,10729,France métropolitaine
1991,femmes,89,10411,France métropolitaine
1991,femmes,90,9358,France métropolitaine
1991,femmes,91,8065,France métropolitaine
1991,femmes,92,6701,France métropolitaine
1991,femmes,93,5810,France métropolitaine
1991,femmes,94,4560,France métropolitaine
1991,femmes,95,3680,France métropolitaine
1991,femmes,96,2767,France métropolitaine
1991,femmes,97,2087,France métropolitaine
1991,femmes,98,1477,France métropolitaine
1991,femmes,99,995,France métropolitaine
1991,femmes,100,1691,France métropolitaine
1992,femmes,0,2063,France métropolitaine
1992,femmes,1,168,France métropolitaine
1992,femmes,2,107,France métropolitaine
1992,femmes,3,65,France métropolitaine
1992,femmes,4,72,France métropolitaine
1992,femmes,5,72,France métropolitaine
1992,femmes,6,69,France métropolitaine
1992,femmes,7,59,France métropolitaine
1992,femmes,8,47,France métropolitaine
1992,femmes,9,60,France métropolitaine
1992,femmes,10,48,France métropolitaine
1992,femmes,11,55,France métropolitaine
1992,femmes,12,55,France métropolitaine
1992,femmes,13,59,France métropolitaine
1992,femmes,14,69,France métropolitaine
1992,femmes,15,83,France métropolitaine
1992,femmes,16,100,France métropolitaine
1992,femmes,17,129,France métropolitaine
1992,femmes,18,168,France métropolitaine
1992,femmes,19,165,France métropolitaine
1992,femmes,20,168,France métropolitaine
1992,femmes,21,158,France métropolitaine
1992,femmes,22,211,France métropolitaine
1992,femmes,23,198,France métropolitaine
1992,femmes,24,198,France métropolitaine
1992,femmes,25,223,France métropolitaine
1992,femmes,26,227,France métropolitaine
1992,femmes,27,235,France métropolitaine
1992,femmes,28,287,France métropolitaine
1992,femmes,29,269,France métropolitaine
1992,femmes,30,303,France métropolitaine
1992,femmes,31,298,France métropolitaine
1992,femmes,32,328,France métropolitaine
1992,femmes,33,362,France métropolitaine
1992,femmes,34,331,France métropolitaine
1992,femmes,35,425,France métropolitaine
1992,femmes,36,396,France métropolitaine
1992,femmes,37,446,France métropolitaine
1992,femmes,38,431,France métropolitaine
1992,femmes,39,521,France métropolitaine
1992,femmes,40,520,France métropolitaine
1992,femmes,41,549,France métropolitaine
1992,femmes,42,589,France métropolitaine
1992,femmes,43,670,France métropolitaine
1992,femmes,44,676,France métropolitaine
1992,femmes,45,771,France métropolitaine
1992,femmes,46,689,France métropolitaine
1992,femmes,47,654,France métropolitaine
1992,femmes,48,720,France métropolitaine
1992,femmes,49,709,France métropolitaine
1992,femmes,50,666,France métropolitaine
1992,femmes,51,650,France métropolitaine
1992,femmes,52,849,France métropolitaine
1992,femmes,53,942,France métropolitaine
1992,femmes,54,1068,France métropolitaine
1992,femmes,55,1092,France métropolitaine
1992,femmes,56,1180,France métropolitaine
1992,femmes,57,1294,France métropolitaine
1992,femmes,58,1415,France métropolitaine
1992,femmes,59,1519,France métropolitaine
1992,femmes,60,1671,France métropolitaine
1992,femmes,61,1871,France métropolitaine
1992,femmes,62,1937,France métropolitaine
1992,femmes,63,2080,France métropolitaine
1992,femmes,64,2259,France métropolitaine
1992,femmes,65,2445,France métropolitaine
1992,femmes,66,2751,France métropolitaine
1992,femmes,67,2881,France métropolitaine
1992,femmes,68,3104,France métropolitaine
1992,femmes,69,3291,France métropolitaine
1992,femmes,70,3827,France métropolitaine
1992,femmes,71,4260,France métropolitaine
1992,femmes,72,4105,France métropolitaine
1992,femmes,73,2819,France métropolitaine
1992,femmes,74,3003,France métropolitaine
1992,femmes,75,2965,France métropolitaine
1992,femmes,76,3324,France métropolitaine
1992,femmes,77,5789,France métropolitaine
1992,femmes,78,7125,France métropolitaine
1992,femmes,79,8002,France métropolitaine
1992,femmes,80,8473,France métropolitaine
1992,femmes,81,9188,France métropolitaine
1992,femmes,82,10065,France métropolitaine
1992,femmes,83,10688,France métropolitaine
1992,femmes,84,11178,France métropolitaine
1992,femmes,85,11151,France métropolitaine
1992,femmes,86,11198,France métropolitaine
1992,femmes,87,11202,France métropolitaine
1992,femmes,88,10771,France métropolitaine
1992,femmes,89,10439,France métropolitaine
1992,femmes,90,9592,France métropolitaine
1992,femmes,91,8432,France métropolitaine
1992,femmes,92,7007,France métropolitaine
1992,femmes,93,5967,France métropolitaine
1992,femmes,94,4864,France métropolitaine
1992,femmes,95,3890,France métropolitaine
1992,femmes,96,2900,France métropolitaine
1992,femmes,97,2103,France métropolitaine
1992,femmes,98,1509,France métropolitaine
1992,femmes,100,2948,France métropolitaine
1993,femmes,0,1872,France métropolitaine
1993,femmes,1,158,France métropolitaine
1993,femmes,2,111,France métropolitaine
1993,femmes,3,70,France métropolitaine
1993,femmes,4,76,France métropolitaine
1993,femmes,5,65,France métropolitaine
1993,femmes,6,51,France métropolitaine
1993,femmes,7,52,France métropolitaine
1993,femmes,8,72,France métropolitaine
1993,femmes,9,46,France métropolitaine
1993,femmes,10,58,France métropolitaine
1993,femmes,11,54,France métropolitaine
1993,femmes,12,57,France métropolitaine
1993,femmes,13,52,France métropolitaine
1993,femmes,14,61,France métropolitaine
1993,femmes,15,80,France métropolitaine
1993,femmes,16,122,France métropolitaine
1993,femmes,17,127,France métropolitaine
1993,femmes,18,173,France métropolitaine
1993,femmes,19,186,France métropolitaine
1993,femmes,20,157,France métropolitaine
1993,femmes,21,230,France métropolitaine
1993,femmes,22,197,France métropolitaine
1993,femmes,23,157,France métropolitaine
1993,femmes,24,202,France métropolitaine
1993,femmes,25,193,France métropolitaine
1993,femmes,26,227,France métropolitaine
1993,femmes,27,239,France métropolitaine
1993,femmes,28,289,France métropolitaine
1993,femmes,29,288,France métropolitaine
1993,femmes,30,277,France métropolitaine
1993,femmes,31,320,France métropolitaine
1993,femmes,32,335,France métropolitaine
1993,femmes,33,354,France métropolitaine
1993,femmes,34,313,France métropolitaine
1993,femmes,35,369,France métropolitaine
1993,femmes,36,386,France métropolitaine
1993,femmes,37,395,France métropolitaine
1993,femmes,38,443,France métropolitaine
1993,femmes,39,512,France métropolitaine
1993,femmes,40,534,France métropolitaine
1993,femmes,41,587,France métropolitaine
1993,femmes,42,611,France métropolitaine
1993,femmes,43,697,France métropolitaine
1993,femmes,44,760,France métropolitaine
1993,femmes,45,772,France métropolitaine
1993,femmes,46,829,France métropolitaine
1993,femmes,47,760,France métropolitaine
1993,femmes,48,686,France métropolitaine
1993,femmes,49,790,France métropolitaine
1993,femmes,50,755,France métropolitaine
1993,femmes,51,767,France métropolitaine
1993,femmes,52,732,France métropolitaine
1993,femmes,53,898,France métropolitaine
1993,femmes,54,977,France métropolitaine
1993,femmes,55,1125,France métropolitaine
1993,femmes,56,1198,France métropolitaine
1993,femmes,57,1296,France métropolitaine
1993,femmes,58,1385,France métropolitaine
1993,femmes,59,1477,France métropolitaine
1993,femmes,60,1679,France métropolitaine
1993,femmes,61,1813,France métropolitaine
1993,femmes,62,2031,France métropolitaine
1993,femmes,63,2158,France métropolitaine
1993,femmes,64,2244,France métropolitaine
1993,femmes,65,2450,France métropolitaine
1993,femmes,66,2626,France métropolitaine
1993,femmes,67,2919,France métropolitaine
1993,femmes,68,3177,France métropolitaine
1993,femmes,69,3400,France métropolitaine
1993,femmes,70,3654,France métropolitaine
1993,femmes,71,4134,France métropolitaine
1993,femmes,72,4656,France métropolitaine
1993,femmes,73,4307,France métropolitaine
1993,femmes,74,3074,France métropolitaine
1993,femmes,75,3285,France métropolitaine
1993,femmes,76,3178,France métropolitaine
1993,femmes,77,3542,France métropolitaine
1993,femmes,78,6456,France métropolitaine
1993,femmes,79,7935,France métropolitaine
1993,femmes,80,8991,France métropolitaine
1993,femmes,81,9215,France métropolitaine
1993,femmes,82,9881,France métropolitaine
1993,femmes,83,10863,France métropolitaine
1993,femmes,84,11501,France métropolitaine
1993,femmes,85,11556,France métropolitaine
1993,femmes,86,11919,France métropolitaine
1993,femmes,87,11644,France métropolitaine
1993,femmes,88,11289,France métropolitaine
1993,femmes,89,10922,France métropolitaine
1993,femmes,90,9756,France métropolitaine
1993,femmes,91,9244,France métropolitaine
1993,femmes,92,7945,France métropolitaine
1993,femmes,93,6445,France métropolitaine
1993,femmes,94,5095,France métropolitaine
1993,femmes,95,4087,France métropolitaine
1993,femmes,96,3136,France métropolitaine
1993,femmes,97,2453,France métropolitaine
1993,femmes,98,1671,France métropolitaine
1993,femmes,99,1103,France métropolitaine
1993,femmes,100,2090,France métropolitaine
1994,femmes,0,1748,France métropolitaine
1994,femmes,1,164,France métropolitaine
1994,femmes,2,86,France métropolitaine
1994,femmes,3,55,France métropolitaine
1994,femmes,4,57,France métropolitaine
1994,femmes,5,60,France métropolitaine
1994,femmes,6,61,France métropolitaine
1994,femmes,7,45,France métropolitaine
1994,femmes,8,57,France métropolitaine
1994,femmes,9,46,France métropolitaine
1994,femmes,10,56,France métropolitaine
1994,femmes,11,43,France métropolitaine
1994,femmes,12,62,France métropolitaine
1994,femmes,13,69,France métropolitaine
1994,femmes,14,70,France métropolitaine
1994,femmes,15,76,France métropolitaine
1994,femmes,16,87,France métropolitaine
1994,femmes,17,111,France métropolitaine
1994,femmes,18,130,France métropolitaine
1994,femmes,19,143,France métropolitaine
1994,femmes,20,165,France métropolitaine
1994,femmes,21,194,France métropolitaine
1994,femmes,22,167,France métropolitaine
1994,femmes,23,175,France métropolitaine
1994,femmes,24,199,France métropolitaine
1994,femmes,25,208,France métropolitaine
1994,femmes,26,212,France métropolitaine
1994,femmes,27,253,France métropolitaine
1994,femmes,28,233,France métropolitaine
1994,femmes,29,237,France métropolitaine
1994,femmes,30,291,France métropolitaine
1994,femmes,31,322,France métropolitaine
1994,femmes,32,294,France métropolitaine
1994,femmes,33,355,France métropolitaine
1994,femmes,34,342,France métropolitaine
1994,femmes,35,370,France métropolitaine
1994,femmes,36,388,France métropolitaine
1994,femmes,37,460,France métropolitaine
1994,femmes,38,506,France métropolitaine
1994,femmes,39,472,France métropolitaine
1994,femmes,40,531,France métropolitaine
1994,femmes,41,533,France métropolitaine
1994,femmes,42,581,France métropolitaine
1994,femmes,43,662,France métropolitaine
1994,femmes,44,733,France métropolitaine
1994,femmes,45,723,France métropolitaine
1994,femmes,46,815,France métropolitaine
1994,femmes,47,905,France métropolitaine
1994,femmes,48,847,France métropolitaine
1994,femmes,49,782,France métropolitaine
1994,femmes,50,806,France métropolitaine
1994,femmes,51,799,France métropolitaine
1994,femmes,52,815,France métropolitaine
1994,femmes,53,760,France métropolitaine
1994,femmes,54,991,France métropolitaine
1994,femmes,55,1069,France métropolitaine
1994,femmes,56,1162,France métropolitaine
1994,femmes,57,1191,France métropolitaine
1994,femmes,58,1256,France métropolitaine
1994,femmes,59,1432,France métropolitaine
1994,femmes,60,1586,France métropolitaine
1994,femmes,61,1714,France métropolitaine
1994,femmes,62,1923,France métropolitaine
1994,femmes,63,2060,France métropolitaine
1994,femmes,64,2175,France métropolitaine
1994,femmes,65,2373,France métropolitaine
1994,femmes,66,2638,France métropolitaine
1994,femmes,67,2802,France métropolitaine
1994,femmes,68,3075,France métropolitaine
1994,femmes,69,3372,France métropolitaine
1994,femmes,70,3563,France métropolitaine
1994,femmes,71,3874,France métropolitaine
1994,femmes,72,4488,France métropolitaine
1994,femmes,73,4999,France métropolitaine
1994,femmes,74,4756,France métropolitaine
1994,femmes,75,3292,France métropolitaine
1994,femmes,76,3384,France métropolitaine
1994,femmes,77,3372,France métropolitaine
1994,femmes,78,3772,France métropolitaine
1994,femmes,79,6705,France métropolitaine
1994,femmes,80,8565,France métropolitaine
1994,femmes,81,9122,France métropolitaine
1994,femmes,82,9562,France métropolitaine
1994,femmes,83,9969,France métropolitaine
1994,femmes,84,10853,France métropolitaine
1994,femmes,85,11374,France métropolitaine
1994,femmes,86,11509,France métropolitaine
1994,femmes,87,11006,France métropolitaine
1994,femmes,88,10862,France métropolitaine
1994,femmes,89,10380,France métropolitaine
1994,femmes,90,9779,France métropolitaine
1994,femmes,91,8912,France métropolitaine
1994,femmes,92,7990,France métropolitaine
1994,femmes,93,6688,France métropolitaine
1994,femmes,94,5241,France métropolitaine
1994,femmes,95,4327,France métropolitaine
1994,femmes,96,3240,France métropolitaine
1994,femmes,97,2338,France métropolitaine
1994,femmes,98,1789,France métropolitaine
1994,femmes,99,1122,France métropolitaine
1994,femmes,100,2203,France métropolitaine
1995,femmes,0,1543,France métropolitaine
1995,femmes,1,171,France métropolitaine
1995,femmes,2,80,France métropolitaine
1995,femmes,3,76,France métropolitaine
1995,femmes,4,66,France métropolitaine
1995,femmes,5,49,France métropolitaine
1995,femmes,6,55,France métropolitaine
1995,femmes,7,45,France métropolitaine
1995,femmes,8,52,France métropolitaine
1995,femmes,9,44,France métropolitaine
1995,femmes,10,33,France métropolitaine
1995,femmes,11,66,France métropolitaine
1995,femmes,12,69,France métropolitaine
1995,femmes,13,53,France métropolitaine
1995,femmes,14,74,France métropolitaine
1995,femmes,15,85,France métropolitaine
1995,femmes,16,96,France métropolitaine
1995,femmes,17,122,France métropolitaine
1995,femmes,18,135,France métropolitaine
1995,femmes,19,153,France métropolitaine
1995,femmes,20,158,France métropolitaine
1995,femmes,21,166,France métropolitaine
1995,femmes,22,191,France métropolitaine
1995,femmes,23,198,France métropolitaine
1995,femmes,24,193,France métropolitaine
1995,femmes,25,203,France métropolitaine
1995,femmes,26,202,France métropolitaine
1995,femmes,27,232,France métropolitaine
1995,femmes,28,236,France métropolitaine
1995,femmes,29,274,France métropolitaine
1995,femmes,30,312,France métropolitaine
1995,femmes,31,291,France métropolitaine
1995,femmes,32,335,France métropolitaine
1995,femmes,33,347,France métropolitaine
1995,femmes,34,344,France métropolitaine
1995,femmes,35,394,France métropolitaine
1995,femmes,36,383,France métropolitaine
1995,femmes,37,417,France métropolitaine
1995,femmes,38,462,France métropolitaine
1995,femmes,39,530,France métropolitaine
1995,femmes,40,573,France métropolitaine
1995,femmes,41,592,France métropolitaine
1995,femmes,42,597,France métropolitaine
1995,femmes,43,691,France métropolitaine
1995,femmes,44,714,France métropolitaine
1995,femmes,45,758,France métropolitaine
1995,femmes,46,828,France métropolitaine
1995,femmes,47,933,France métropolitaine
1995,femmes,48,935,France métropolitaine
1995,femmes,49,883,France métropolitaine
1995,femmes,50,823,France métropolitaine
1995,femmes,51,825,France métropolitaine
1995,femmes,52,828,France métropolitaine
1995,femmes,53,848,France métropolitaine
1995,femmes,54,791,France métropolitaine
1995,femmes,55,1007,France métropolitaine
1995,femmes,56,1042,France métropolitaine
1995,femmes,57,1181,France métropolitaine
1995,femmes,58,1226,France métropolitaine
1995,femmes,59,1357,France métropolitaine
1995,femmes,60,1552,France métropolitaine
1995,femmes,61,1710,France métropolitaine
1995,femmes,62,1892,France métropolitaine
1995,femmes,63,2034,France métropolitaine
1995,femmes,64,2161,France métropolitaine
1995,femmes,65,2391,France métropolitaine
1995,femmes,66,2712,France métropolitaine
1995,femmes,67,2853,France métropolitaine
1995,femmes,68,3038,France métropolitaine
1995,femmes,69,3291,France métropolitaine
1995,femmes,70,3531,France métropolitaine
1995,femmes,71,3878,France métropolitaine
1995,femmes,72,4381,France métropolitaine
1995,femmes,73,4906,France métropolitaine
1995,femmes,74,5635,France métropolitaine
1995,femmes,75,5267,France métropolitaine
1995,femmes,76,3550,France métropolitaine
1995,femmes,77,3793,France métropolitaine
1995,femmes,78,3844,France métropolitaine
1995,femmes,79,4146,France métropolitaine
1995,femmes,80,7385,France métropolitaine
1995,femmes,81,9092,France métropolitaine
1995,femmes,82,9852,France métropolitaine
1995,femmes,83,10575,France métropolitaine
1995,femmes,84,10820,France métropolitaine
1995,femmes,85,11584,France métropolitaine
1995,femmes,86,11930,France métropolitaine
1995,femmes,87,11899,France métropolitaine
1995,femmes,88,11635,France métropolitaine
1995,femmes,89,10957,France métropolitaine
1995,femmes,90,10231,France métropolitaine
1995,femmes,91,9137,France métropolitaine
1995,femmes,92,8462,France métropolitaine
1995,femmes,93,7276,France métropolitaine
1995,femmes,94,5944,France métropolitaine
1995,femmes,95,4812,France métropolitaine
1995,femmes,96,3566,France métropolitaine
1995,femmes,97,2654,France métropolitaine
1995,femmes,98,1975,France métropolitaine
1995,femmes,99,1327,France métropolitaine
1995,femmes,100,2467,France métropolitaine
1996,femmes,0,1479,France métropolitaine
1996,femmes,1,138,France métropolitaine
1996,femmes,2,74,France métropolitaine
1996,femmes,3,55,France métropolitaine
1996,femmes,4,61,France métropolitaine
1996,femmes,5,55,France métropolitaine
1996,femmes,6,48,France métropolitaine
1996,femmes,7,43,France métropolitaine
1996,femmes,8,51,France métropolitaine
1996,femmes,9,42,France métropolitaine
1996,femmes,10,42,France métropolitaine
1996,femmes,11,45,France métropolitaine
1996,femmes,12,50,France métropolitaine
1996,femmes,13,42,France métropolitaine
1996,femmes,14,64,France métropolitaine
1996,femmes,15,104,France métropolitaine
1996,femmes,16,87,France métropolitaine
1996,femmes,17,99,France métropolitaine
1996,femmes,18,126,France métropolitaine
1996,femmes,19,123,France métropolitaine
1996,femmes,20,143,France métropolitaine
1996,femmes,21,164,France métropolitaine
1996,femmes,22,179,France métropolitaine
1996,femmes,23,166,France métropolitaine
1996,femmes,24,188,France métropolitaine
1996,femmes,25,174,France métropolitaine
1996,femmes,26,220,France métropolitaine
1996,femmes,27,217,France métropolitaine
1996,femmes,28,197,France métropolitaine
1996,femmes,29,236,France métropolitaine
1996,femmes,30,270,France métropolitaine
1996,femmes,31,306,France métropolitaine
1996,femmes,32,306,France métropolitaine
1996,femmes,33,342,France métropolitaine
1996,femmes,34,339,France métropolitaine
1996,femmes,35,386,France métropolitaine
1996,femmes,36,397,France métropolitaine
1996,femmes,37,452,France métropolitaine
1996,femmes,38,455,France métropolitaine
1996,femmes,39,498,France métropolitaine
1996,femmes,40,517,France métropolitaine
1996,femmes,41,560,France métropolitaine
1996,femmes,42,617,France métropolitaine
1996,femmes,43,650,France métropolitaine
1996,femmes,44,715,France métropolitaine
1996,femmes,45,758,France métropolitaine
1996,femmes,46,818,France métropolitaine
1996,femmes,47,911,France métropolitaine
1996,femmes,48,896,France métropolitaine
1996,femmes,49,1045,France métropolitaine
1996,femmes,50,895,France métropolitaine
1996,femmes,51,881,France métropolitaine
1996,femmes,52,919,France métropolitaine
1996,femmes,53,906,France métropolitaine
1996,femmes,54,860,France métropolitaine
1996,femmes,55,813,France métropolitaine
1996,femmes,56,1123,France métropolitaine
1996,femmes,57,1178,France métropolitaine
1996,femmes,58,1253,France métropolitaine
1996,femmes,59,1378,France métropolitaine
1996,femmes,60,1491,France métropolitaine
1996,femmes,61,1622,France métropolitaine
1996,femmes,62,1790,France métropolitaine
1996,femmes,63,1939,France métropolitaine
1996,femmes,64,2184,France métropolitaine
1996,femmes,65,2491,France métropolitaine
1996,femmes,66,2508,France métropolitaine
1996,femmes,67,2756,France métropolitaine
1996,femmes,68,3064,France métropolitaine
1996,femmes,69,3179,France métropolitaine
1996,femmes,70,3683,France métropolitaine
1996,femmes,71,3872,France métropolitaine
1996,femmes,72,4258,France métropolitaine
1996,femmes,73,4834,France métropolitaine
1996,femmes,74,5499,France métropolitaine
1996,femmes,75,6028,France métropolitaine
1996,femmes,76,5572,France métropolitaine
1996,femmes,77,3950,France métropolitaine
1996,femmes,78,4146,France métropolitaine
1996,femmes,79,4080,France métropolitaine
1996,femmes,80,4556,France métropolitaine
1996,femmes,81,7899,France métropolitaine
1996,femmes,82,9931,France métropolitaine
1996,femmes,83,10641,France métropolitaine
1996,femmes,84,10959,France métropolitaine
1996,femmes,85,11580,France métropolitaine
1996,femmes,86,11904,France métropolitaine
1996,femmes,87,11981,France métropolitaine
1996,femmes,88,11873,France métropolitaine
1996,femmes,89,11275,France métropolitaine
1996,femmes,90,10696,France métropolitaine
1996,femmes,91,9958,France métropolitaine
1996,femmes,92,8677,France métropolitaine
1996,femmes,93,7608,France métropolitaine
1996,femmes,94,6410,France métropolitaine
1996,femmes,95,5031,France métropolitaine
1996,femmes,96,3909,France métropolitaine
1996,femmes,97,2825,France métropolitaine
1996,femmes,98,2068,France métropolitaine
1996,femmes,100,4101,France métropolitaine
1997,femmes,0,1460,France métropolitaine
1997,femmes,1,144,France métropolitaine
1997,femmes,2,73,France métropolitaine
1997,femmes,3,84,France métropolitaine
1997,femmes,4,55,France métropolitaine
1997,femmes,5,37,France métropolitaine
1997,femmes,6,34,France métropolitaine
1997,femmes,7,43,France métropolitaine
1997,femmes,8,44,France métropolitaine
1997,femmes,9,50,France métropolitaine
1997,femmes,10,49,France métropolitaine
1997,femmes,11,39,France métropolitaine
1997,femmes,12,61,France métropolitaine
1997,femmes,13,56,France métropolitaine
1997,femmes,14,57,France métropolitaine
1997,femmes,15,87,France métropolitaine
1997,femmes,16,95,France métropolitaine
1997,femmes,17,111,France métropolitaine
1997,femmes,18,129,France métropolitaine
1997,femmes,19,155,France métropolitaine
1997,femmes,20,123,France métropolitaine
1997,femmes,21,142,France métropolitaine
1997,femmes,22,140,France métropolitaine
1997,femmes,23,139,France métropolitaine
1997,femmes,24,169,France métropolitaine
1997,femmes,25,153,France métropolitaine
1997,femmes,26,180,France métropolitaine
1997,femmes,27,164,France métropolitaine
1997,femmes,28,173,France métropolitaine
1997,femmes,29,205,France métropolitaine
1997,femmes,30,243,France métropolitaine
1997,femmes,31,243,France métropolitaine
1997,femmes,32,279,France métropolitaine
1997,femmes,33,250,France métropolitaine
1997,femmes,34,339,France métropolitaine
1997,femmes,35,323,France métropolitaine
1997,femmes,36,363,France métropolitaine
1997,femmes,37,379,France métropolitaine
1997,femmes,38,431,France métropolitaine
1997,femmes,39,479,France métropolitaine
1997,femmes,40,500,France métropolitaine
1997,femmes,41,556,France métropolitaine
1997,femmes,42,561,France métropolitaine
1997,femmes,43,650,France métropolitaine
1997,femmes,44,695,France métropolitaine
1997,femmes,45,777,France métropolitaine
1997,femmes,46,834,France métropolitaine
1997,femmes,47,872,France métropolitaine
1997,femmes,48,952,France métropolitaine
1997,femmes,49,995,France métropolitaine
1997,femmes,50,1041,France métropolitaine
1997,femmes,51,1038,France métropolitaine
1997,femmes,52,904,France métropolitaine
1997,femmes,53,1011,France métropolitaine
1997,femmes,54,956,France métropolitaine
1997,femmes,55,950,France métropolitaine
1997,femmes,56,927,France métropolitaine
1997,femmes,57,1093,France métropolitaine
1997,femmes,58,1213,France métropolitaine
1997,femmes,59,1272,France métropolitaine
1997,femmes,60,1415,France métropolitaine
1997,femmes,61,1539,France métropolitaine
1997,femmes,62,1677,France métropolitaine
1997,femmes,63,1850,France métropolitaine
1997,femmes,64,2041,France métropolitaine
1997,femmes,65,2323,France métropolitaine
1997,femmes,66,2592,France métropolitaine
1997,femmes,67,2776,France métropolitaine
1997,femmes,68,2968,France métropolitaine
1997,femmes,69,3266,France métropolitaine
1997,femmes,70,3515,France métropolitaine
1997,femmes,71,3703,France métropolitaine
1997,femmes,72,4195,France métropolitaine
1997,femmes,73,4568,France métropolitaine
1997,femmes,74,5128,France métropolitaine
1997,femmes,75,5758,France métropolitaine
1997,femmes,76,6591,France métropolitaine
1997,femmes,77,6116,France métropolitaine
1997,femmes,78,4239,France métropolitaine
1997,femmes,79,4554,France métropolitaine
1997,femmes,80,4359,France métropolitaine
1997,femmes,81,4872,France métropolitaine
1997,femmes,82,8491,France métropolitaine
1997,femmes,83,10355,France métropolitaine
1997,femmes,84,11137,France métropolitaine
1997,femmes,85,11460,France métropolitaine
1997,femmes,86,11814,France métropolitaine
1997,femmes,87,12028,France métropolitaine
1997,femmes,88,12020,France métropolitaine
1997,femmes,89,11610,France métropolitaine
1997,femmes,90,10806,France métropolitaine
1997,femmes,91,9879,France métropolitaine
1997,femmes,92,8882,France métropolitaine
1997,femmes,93,7651,France métropolitaine
1997,femmes,94,6614,France métropolitaine
1997,femmes,95,5547,France métropolitaine
1997,femmes,96,4150,France métropolitaine
1997,femmes,97,2992,France métropolitaine
1997,femmes,98,2183,France métropolitaine
1997,femmes,99,1543,France métropolitaine
1997,femmes,100,2726,France métropolitaine
1998,femmes,0,1622,France entière
1998,femmes,1,117,France entière
1998,femmes,2,90,France entière
1998,femmes,3,59,France entière
1998,femmes,4,42,France entière
1998,femmes,5,56,France entière
1998,femmes,6,50,France entière
1998,femmes,7,52,France entière
1998,femmes,8,52,France entière
1998,femmes,9,39,France entière
1998,femmes,10,39,France entière
1998,femmes,11,46,France entière
1998,femmes,12,52,France entière
1998,femmes,13,54,France entière
1998,femmes,14,71,France entière
1998,femmes,15,78,France entière
1998,femmes,16,102,France entière
1998,femmes,17,102,France entière
1998,femmes,18,154,France entière
1998,femmes,19,117,France entière
1998,femmes,20,153,France entière
1998,femmes,21,139,France entière
1998,femmes,22,173,France entière
1998,femmes,23,158,France entière
1998,femmes,24,166,France entière
1998,femmes,25,180,France entière
1998,femmes,26,199,France entière
1998,femmes,27,191,France entière
1998,femmes,28,189,France entière
1998,femmes,29,198,France entière
1998,femmes,30,222,France entière
1998,femmes,31,232,France entière
1998,femmes,32,269,France entière
1998,femmes,33,290,France entière
1998,femmes,34,298,France entière
1998,femmes,35,356,France entière
1998,femmes,36,347,France entière
1998,femmes,37,387,France entière
1998,femmes,38,462,France entière
1998,femmes,39,498,France entière
1998,femmes,40,480,France entière
1998,femmes,41,567,France entière
1998,femmes,42,575,France entière
1998,femmes,43,706,France entière
1998,femmes,44,702,France entière
1998,femmes,45,770,France entière
1998,femmes,46,817,France entière
1998,femmes,47,871,France entière
1998,femmes,48,926,France entière
1998,femmes,49,1006,France entière
1998,femmes,50,1086,France entière
1998,femmes,51,1102,France entière
1998,femmes,52,1095,France entière
1998,femmes,53,986,France entière
1998,femmes,54,1043,France entière
1998,femmes,55,1036,France entière
1998,femmes,56,1028,France entière
1998,femmes,57,1018,France entière
1998,femmes,58,1258,France entière
1998,femmes,59,1345,France entière
1998,femmes,60,1455,France entière
1998,femmes,61,1488,France entière
1998,femmes,62,1723,France entière
1998,femmes,63,1806,France entière
1998,femmes,64,2083,France entière
1998,femmes,65,2288,France entière
1998,femmes,66,2580,France entière
1998,femmes,67,2882,France entière
1998,femmes,68,2816,France entière
1998,femmes,69,3185,France entière
1998,femmes,70,3557,France entière
1998,femmes,71,3864,France entière
1998,femmes,72,4256,France entière
1998,femmes,73,4746,France entière
1998,femmes,74,5180,France entière
1998,femmes,75,5600,France entière
1998,femmes,76,6444,France entière
1998,femmes,77,7154,France entière
1998,femmes,78,6752,France entière
1998,femmes,79,4788,France entière
1998,femmes,80,4917,France entière
1998,femmes,81,4795,France entière
1998,femmes,82,5455,France entière
1998,femmes,83,9301,France entière
1998,femmes,84,11350,France entière
1998,femmes,85,12030,France entière
1998,femmes,86,12008,France entière
1998,femmes,87,12142,France entière
1998,femmes,88,12321,France entière
1998,femmes,89,11988,France entière
1998,femmes,90,11099,France entière
1998,femmes,91,10347,France entière
1998,femmes,92,9300,France entière
1998,femmes,93,8148,France entière
1998,femmes,94,6864,France entière
1998,femmes,95,5779,France entière
1998,femmes,96,4528,France entière
1998,femmes,97,3407,France entière
1998,femmes,98,2409,France entière
1998,femmes,99,1640,France entière
1998,femmes,100,3048,France entière
1999,femmes,0,1481,France entière
1999,femmes,1,142,France entière
1999,femmes,2,73,France entière
1999,femmes,3,71,France entière
1999,femmes,4,39,France entière
1999,femmes,5,60,France entière
1999,femmes,6,42,France entière
1999,femmes,7,41,France entière
1999,femmes,8,56,France entière
1999,femmes,9,45,France entière
1999,femmes,10,47,France entière
1999,femmes,11,51,France entière
1999,femmes,12,45,France entière
1999,femmes,13,56,France entière
1999,femmes,14,56,France entière
1999,femmes,15,83,France entière
1999,femmes,16,81,France entière
1999,femmes,17,120,France entière
1999,femmes,18,134,France entière
1999,femmes,19,141,France entière
1999,femmes,20,156,France entière
1999,femmes,21,139,France entière
1999,femmes,22,140,France entière
1999,femmes,23,168,France entière
1999,femmes,24,118,France entière
1999,femmes,25,169,France entière
1999,femmes,26,170,France entière
1999,femmes,27,203,France entière
1999,femmes,28,187,France entière
1999,femmes,29,196,France entière
1999,femmes,30,220,France entière
1999,femmes,31,210,France entière
1999,femmes,32,268,France entière
1999,femmes,33,258,France entière
1999,femmes,34,319,France entière
1999,femmes,35,357,France entière
1999,femmes,36,374,France entière
1999,femmes,37,390,France entière
1999,femmes,38,424,France entière
1999,femmes,39,461,France entière
1999,femmes,40,531,France entière
1999,femmes,41,615,France entière
1999,femmes,42,622,France entière
1999,femmes,43,635,France entière
1999,femmes,44,718,France entière
1999,femmes,45,787,France entière
1999,femmes,46,800,France entière
1999,femmes,47,903,France entière
1999,femmes,48,976,France entière
1999,femmes,49,1034,France entière
1999,femmes,50,1137,France entière
1999,femmes,51,1116,France entière
1999,femmes,52,1263,France entière
1999,femmes,53,1079,France entière
1999,femmes,54,1040,France entière
1999,femmes,55,1093,France entière
1999,femmes,56,1040,France entière
1999,femmes,57,1096,France entière
1999,femmes,58,1038,France entière
1999,femmes,59,1278,France entière
1999,femmes,60,1510,France entière
1999,femmes,61,1476,France entière
1999,femmes,62,1611,France entière
1999,femmes,63,1769,France entière
1999,femmes,64,1973,France entière
1999,femmes,65,2090,France entière
1999,femmes,66,2361,France entière
1999,femmes,67,2645,France entière
1999,femmes,68,2990,France entière
1999,femmes,69,3228,France entière
1999,femmes,70,3399,France entière
1999,femmes,71,3801,France entière
1999,femmes,72,4143,France entière
1999,femmes,73,4589,France entière
1999,femmes,74,5055,France entière
1999,femmes,75,5513,France entière
1999,femmes,76,6217,France entière
1999,femmes,77,7144,France entière
1999,femmes,78,7941,France entière
1999,femmes,79,7552,France entière
1999,femmes,80,5146,France entière
1999,femmes,81,5390,France entière
1999,femmes,82,5380,France entière
1999,femmes,83,5816,France entière
1999,femmes,84,10048,France entière
1999,femmes,85,12009,France entière
1999,femmes,86,12592,France entière
1999,femmes,87,12390,France entière
1999,femmes,88,12507,France entière
1999,femmes,89,12284,France entière
1999,femmes,90,11817,France entière
1999,femmes,91,10741,France entière
1999,femmes,92,9718,France entière
1999,femmes,93,8384,France entière
1999,femmes,94,7273,France entière
1999,femmes,95,5835,France entière
1999,femmes,96,4712,France entière
1999,femmes,97,3652,France entière
1999,femmes,98,2664,France entière
1999,femmes,99,1727,France entière
1999,femmes,100,3303,France entière
2000,femmes,0,1540,France entière
2000,femmes,1,157,France entière
2000,femmes,2,76,France entière
2000,femmes,3,58,France entière
2000,femmes,4,49,France entière
2000,femmes,5,36,France entière
2000,femmes,6,42,France entière
2000,femmes,7,36,France entière
2000,femmes,8,39,France entière
2000,femmes,9,49,France entière
2000,femmes,10,35,France entière
2000,femmes,11,49,France entière
2000,femmes,12,53,France entière
2000,femmes,13,59,France entière
2000,femmes,14,56,France entière
2000,femmes,15,86,France entière
2000,femmes,16,97,France entière
2000,femmes,17,107,France entière
2000,femmes,18,145,France entière
2000,femmes,19,140,France entière
2000,femmes,20,144,France entière
2000,femmes,21,128,France entière
2000,femmes,22,116,France entière
2000,femmes,23,136,France entière
2000,femmes,24,135,France entière
2000,femmes,25,152,France entière
2000,femmes,26,153,France entière
2000,femmes,27,168,France entière
2000,femmes,28,146,France entière
2000,femmes,29,144,France entière
2000,femmes,30,210,France entière
2000,femmes,31,234,France entière
2000,femmes,32,252,France entière
2000,femmes,33,261,France entière
2000,femmes,34,303,France entière
2000,femmes,35,326,France entière
2000,femmes,36,389,France entière
2000,femmes,37,392,France entière
2000,femmes,38,397,France entière
2000,femmes,39,495,France entière
2000,femmes,40,500,France entière
2000,femmes,41,603,France entière
2000,femmes,42,600,France entière
2000,femmes,43,614,France entière
2000,femmes,44,708,France entière
2000,femmes,45,753,France entière
2000,femmes,46,858,France entière
2000,femmes,47,925,France entière
2000,femmes,48,1008,France entière
2000,femmes,49,1028,France entière
2000,femmes,50,1078,France entière
2000,femmes,51,1153,France entière
2000,femmes,52,1262,France entière
2000,femmes,53,1232,France entière
2000,femmes,54,1145,France entière
2000,femmes,55,1112,France entière
2000,femmes,56,1139,France entière
2000,femmes,57,1170,France entière
2000,femmes,58,1069,France entière
2000,femmes,59,1102,France entière
2000,femmes,60,1399,France entière
2000,femmes,61,1394,France entière
2000,femmes,62,1626,France entière
2000,femmes,63,1680,France entière
2000,femmes,64,1887,France entière
2000,femmes,65,2081,France entière
2000,femmes,66,2279,France entière
2000,femmes,67,2496,France entière
2000,femmes,68,2849,France entière
2000,femmes,69,3247,France entière
2000,femmes,70,3459,France entière
2000,femmes,71,3713,France entière
2000,femmes,72,4110,France entière
2000,femmes,73,4393,France entière
2000,femmes,74,4923,France entière
2000,femmes,75,5328,France entière
2000,femmes,76,5952,France entière
2000,femmes,77,6519,France entière
2000,femmes,78,7547,France entière
2000,femmes,79,8420,France entière
2000,femmes,80,7865,France entière
2000,femmes,81,5583,France entière
2000,femmes,82,5570,France entière
2000,femmes,83,5680,France entière
2000,femmes,84,6073,France entière
2000,femmes,85,10429,France entière
2000,femmes,86,12177,France entière
2000,femmes,87,12689,France entière
2000,femmes,88,12339,France entière
2000,femmes,89,11871,France entière
2000,femmes,90,11636,France entière
2000,femmes,91,10887,France entière
2000,femmes,92,9861,France entière
2000,femmes,93,8588,France entière
2000,femmes,94,7404,France entière
2000,femmes,95,6084,France entière
2000,femmes,96,4811,France entière
2000,femmes,97,3606,France entière
2000,femmes,98,2793,France entière
2000,femmes,99,1926,France entière
2000,femmes,100,3363,France entière
2001,femmes,0,1607,France entière
2001,femmes,1,136,France entière
2001,femmes,2,84,France entière
2001,femmes,3,80,France entière
2001,femmes,4,59,France entière
2001,femmes,5,41,France entière
2001,femmes,6,51,France entière
2001,femmes,7,22,France entière
2001,femmes,8,33,France entière
2001,femmes,9,29,France entière
2001,femmes,10,45,France entière
2001,femmes,11,38,France entière
2001,femmes,12,55,France entière
2001,femmes,13,50,France entière
2001,femmes,14,71,France entière
2001,femmes,15,82,France entière
2001,femmes,16,99,France entière
2001,femmes,17,102,France entière
2001,femmes,18,138,France entière
2001,femmes,19,165,France entière
2001,femmes,20,160,France entière
2001,femmes,21,138,France entière
2001,femmes,22,121,France entière
2001,femmes,23,128,France entière
2001,femmes,24,130,France entière
2001,femmes,25,144,France entière
2001,femmes,26,121,France entière
2001,femmes,27,167,France entière
2001,femmes,28,188,France entière
2001,femmes,29,179,France entière
2001,femmes,30,186,France entière
2001,femmes,31,194,France entière
2001,femmes,32,245,France entière
2001,femmes,33,274,France entière
2001,femmes,34,262,France entière
2001,femmes,35,335,France entière
2001,femmes,36,356,France entière
2001,femmes,37,396,France entière
2001,femmes,38,457,France entière
2001,femmes,39,469,France entière
2001,femmes,40,511,France entière
2001,femmes,41,551,France entière
2001,femmes,42,578,France entière
2001,femmes,43,717,France entière
2001,femmes,44,716,France entière
2001,femmes,45,817,France entière
2001,femmes,46,857,France entière
2001,femmes,47,908,France entière
2001,femmes,48,955,France entière
2001,femmes,49,1033,France entière
2001,femmes,50,1117,France entière
2001,femmes,51,1072,France entière
2001,femmes,52,1223,France entière
2001,femmes,53,1303,France entière
2001,femmes,54,1306,France entière
2001,femmes,55,1233,France entière
2001,femmes,56,1149,France entière
2001,femmes,57,1232,France entière
2001,femmes,58,1249,France entière
2001,femmes,59,1239,France entière
2001,femmes,60,1156,France entière
2001,femmes,61,1439,France entière
2001,femmes,62,1605,France entière
2001,femmes,63,1695,France entière
2001,femmes,64,1853,France entière
2001,femmes,65,2037,France entière
2001,femmes,66,2241,France entière
2001,femmes,67,2477,France entière
2001,femmes,68,2696,France entière
2001,femmes,69,3019,France entière
2001,femmes,70,3418,France entière
2001,femmes,71,3744,France entière
2001,femmes,72,3939,France entière
2001,femmes,73,4478,France entière
2001,femmes,74,4946,France entière
2001,femmes,75,5389,France entière
2001,femmes,76,5816,France entière
2001,femmes,77,6450,France entière
2001,femmes,78,7033,France entière
2001,femmes,79,8191,France entière
2001,femmes,80,9211,France entière
2001,femmes,81,8652,France entière
2001,femmes,82,5784,France entière
2001,femmes,83,5982,France entière
2001,femmes,84,5926,France entière
2001,femmes,85,6302,France entière
2001,femmes,86,10469,France entière
2001,femmes,87,12304,France entière
2001,femmes,88,12514,France entière
2001,femmes,89,12026,France entière
2001,femmes,90,11312,France entière
2001,femmes,91,11318,France entière
2001,femmes,92,10307,France entière
2001,femmes,93,8960,France entière
2001,femmes,94,7426,France entière
2001,femmes,95,6235,France entière
2001,femmes,96,4893,France entière
2001,femmes,97,3864,France entière
2001,femmes,98,3013,France entière
2001,femmes,99,2104,France entière
2001,femmes,100,3698,France entière
2002,femmes,0,1451,France entière
2002,femmes,1,129,France entière
2002,femmes,2,86,France entière
2002,femmes,3,58,France entière
2002,femmes,4,52,France entière
2002,femmes,5,47,France entière
2002,femmes,6,40,France entière
2002,femmes,7,40,France entière
2002,femmes,8,34,France entière
2002,femmes,9,47,France entière
2002,femmes,10,48,France entière
2002,femmes,11,43,France entière
2002,femmes,12,45,France entière
2002,femmes,13,42,France entière
2002,femmes,14,61,France entière
2002,femmes,15,65,France entière
2002,femmes,16,87,France entière
2002,femmes,17,89,France entière
2002,femmes,18,146,France entière
2002,femmes,19,131,France entière
2002,femmes,20,138,France entière
2002,femmes,21,129,France entière
2002,femmes,22,164,France entière
2002,femmes,23,103,France entière
2002,femmes,24,137,France entière
2002,femmes,25,138,France entière
2002,femmes,26,123,France entière
2002,femmes,27,149,France entière
2002,femmes,28,163,France entière
2002,femmes,29,179,France entière
2002,femmes,30,179,France entière
2002,femmes,31,185,France entière
2002,femmes,32,215,France entière
2002,femmes,33,235,France entière
2002,femmes,34,273,France entière
2002,femmes,35,295,France entière
2002,femmes,36,335,France entière
2002,femmes,37,365,France entière
2002,femmes,38,415,France entière
2002,femmes,39,460,France entière
2002,femmes,40,489,France entière
2002,femmes,41,584,France entière
2002,femmes,42,640,France entière
2002,femmes,43,665,France entière
2002,femmes,44,758,France entière
2002,femmes,45,800,France entière
2002,femmes,46,832,France entière
2002,femmes,47,900,France entière
2002,femmes,48,960,France entière
2002,femmes,49,1106,France entière
2002,femmes,50,1048,France entière
2002,femmes,51,1156,France entière
2002,femmes,52,1277,France entière
2002,femmes,53,1319,France entière
2002,femmes,54,1414,France entière
2002,femmes,55,1436,France entière
2002,femmes,56,1397,France entière
2002,femmes,57,1213,France entière
2002,femmes,58,1288,France entière
2002,femmes,59,1247,France entière
2002,femmes,60,1248,France entière
2002,femmes,61,1267,France entière
2002,femmes,62,1510,France entière
2002,femmes,63,1640,France entière
2002,femmes,64,1787,France entière
2002,femmes,65,1962,France entière
2002,femmes,66,2195,France entière
2002,femmes,67,2486,France entière
2002,femmes,68,2577,France entière
2002,femmes,69,2998,France entière
2002,femmes,70,3351,France entière
2002,femmes,71,3655,France entière
2002,femmes,72,4023,France entière
2002,femmes,73,4263,France entière
2002,femmes,74,4783,France entière
2002,femmes,75,5250,France entière
2002,femmes,76,5957,France entière
2002,femmes,77,6495,France entière
2002,femmes,78,7182,France entière
2002,femmes,79,7934,France entière
2002,femmes,80,8765,France entière
2002,femmes,81,10086,France entière
2002,femmes,82,9445,France entière
2002,femmes,83,6490,France entière
2002,femmes,84,6475,France entière
2002,femmes,85,6281,France entière
2002,femmes,86,6570,France entière
2002,femmes,87,10973,France entière
2002,femmes,88,12639,France entière
2002,femmes,89,12727,France entière
2002,femmes,90,11893,France entière
2002,femmes,91,11295,France entière
2002,femmes,92,10571,France entière
2002,femmes,93,9320,France entière
2002,femmes,94,7880,France entière
2002,femmes,95,6445,France entière
2002,femmes,96,5171,France entière
2002,femmes,97,4032,France entière
2002,femmes,98,3032,France entière
2002,femmes,99,2183,France entière
2002,femmes,100,4066,France entière
2003,femmes,0,1416,France entière
2003,femmes,1,148,France entière
2003,femmes,2,88,France entière
2003,femmes,3,58,France entière
2003,femmes,4,53,France entière
2003,femmes,5,40,France entière
2003,femmes,6,37,France entière
2003,femmes,7,47,France entière
2003,femmes,8,31,France entière
2003,femmes,9,34,France entière
2003,femmes,10,29,France entière
2003,femmes,11,22,France entière
2003,femmes,12,45,France entière
2003,femmes,13,43,France entière
2003,femmes,14,58,France entière
2003,femmes,15,63,France entière
2003,femmes,16,78,France entière
2003,femmes,17,95,France entière
2003,femmes,18,101,France entière
2003,femmes,19,111,France entière
2003,femmes,20,117,France entière
2003,femmes,21,138,France entière
2003,femmes,22,127,France entière
2003,femmes,23,110,France entière
2003,femmes,24,110,France entière
2003,femmes,25,110,France entière
2003,femmes,26,151,France entière
2003,femmes,27,128,France entière
2003,femmes,28,141,France entière
2003,femmes,29,167,France entière
2003,femmes,30,194,France entière
2003,femmes,31,191,France entière
2003,femmes,32,234,France entière
2003,femmes,33,246,France entière
2003,femmes,34,263,France entière
2003,femmes,35,318,France entière
2003,femmes,36,312,France entière
2003,femmes,37,326,France entière
2003,femmes,38,425,France entière
2003,femmes,39,481,France entière
2003,femmes,40,508,France entière
2003,femmes,41,535,France entière
2003,femmes,42,630,France entière
2003,femmes,43,654,France entière
2003,femmes,44,685,France entière
2003,femmes,45,768,France entière
2003,femmes,46,831,France entière
2003,femmes,47,931,France entière
2003,femmes,48,973,France entière
2003,femmes,49,1048,France entière
2003,femmes,50,1145,France entière
2003,femmes,51,1178,France entière
2003,femmes,52,1251,France entière
2003,femmes,53,1389,France entière
2003,femmes,54,1420,France entière
2003,femmes,55,1507,France entière
2003,femmes,56,1541,France entière
2003,femmes,57,1389,France entière
2003,femmes,58,1260,France entière
2003,femmes,59,1372,France entière
2003,femmes,60,1352,France entière
2003,femmes,61,1358,France entière
2003,femmes,62,1367,France entière
2003,femmes,63,1690,France entière
2003,femmes,64,1781,France entière
2003,femmes,65,2002,France entière
2003,femmes,66,2144,France entière
2003,femmes,67,2365,France entière
2003,femmes,68,2568,France entière
2003,femmes,69,2928,France entière
2003,femmes,70,3277,France entière
2003,femmes,71,3614,France entière
2003,femmes,72,4225,France entière
2003,femmes,73,4394,France entière
2003,femmes,74,4842,France entière
2003,femmes,75,5340,France entière
2003,femmes,76,6058,France entière
2003,femmes,77,6320,France entière
2003,femmes,78,7441,France entière
2003,femmes,79,8011,France entière
2003,femmes,80,8770,France entière
2003,femmes,81,10113,France entière
2003,femmes,82,11390,France entière
2003,femmes,83,10423,France entière
2003,femmes,84,7082,France entière
2003,femmes,85,7031,France entière
2003,femmes,86,6795,France entière
2003,femmes,87,7133,France entière
2003,femmes,88,11747,France entière
2003,femmes,89,13344,France entière
2003,femmes,90,13350,France entière
2003,femmes,91,11914,France entière
2003,femmes,92,11058,France entière
2003,femmes,93,10278,France entière
2003,femmes,94,8586,France entière
2003,femmes,95,7177,France entière
2003,femmes,96,5791,France entière
2003,femmes,97,4482,France entière
2003,femmes,98,3311,France entière
2003,femmes,99,2517,France entière
2003,femmes,100,4587,France entière
2004,femmes,0,1417,France entière
2004,femmes,1,117,France entière
2004,femmes,2,64,France entière
2004,femmes,3,57,France entière
2004,femmes,4,33,France entière
2004,femmes,5,38,France entière
2004,femmes,6,34,France entière
2004,femmes,7,28,France entière
2004,femmes,8,30,France entière
2004,femmes,9,32,France entière
2004,femmes,10,36,France entière
2004,femmes,11,37,France entière
2004,femmes,12,39,France entière
2004,femmes,13,43,France entière
2004,femmes,14,49,France entière
2004,femmes,15,63,France entière
2004,femmes,16,70,France entière
2004,femmes,17,93,France entière
2004,femmes,18,117,France entière
2004,femmes,19,115,France entière
2004,femmes,20,114,France entière
2004,femmes,21,110,France entière
2004,femmes,22,106,France entière
2004,femmes,23,136,France entière
2004,femmes,24,112,France entière
2004,femmes,25,115,France entière
2004,femmes,26,112,France entière
2004,femmes,27,126,France entière
2004,femmes,28,112,France entière
2004,femmes,29,162,France entière
2004,femmes,30,179,France entière
2004,femmes,31,175,France entière
2004,femmes,32,213,France entière
2004,femmes,33,257,France entière
2004,femmes,34,230,France entière
2004,femmes,35,269,France entière
2004,femmes,36,304,France entière
2004,femmes,37,391,France entière
2004,femmes,38,400,France entière
2004,femmes,39,402,France entière
2004,femmes,40,485,France entière
2004,femmes,41,526,France entière
2004,femmes,42,564,France entière
2004,femmes,43,682,France entière
2004,femmes,44,694,France entière
2004,femmes,45,749,France entière
2004,femmes,46,789,France entière
2004,femmes,47,903,France entière
2004,femmes,48,945,France entière
2004,femmes,49,972,France entière
2004,femmes,50,1154,France entière
2004,femmes,51,1119,France entière
2004,femmes,52,1199,France entière
2004,femmes,53,1350,France entière
2004,femmes,54,1401,France entière
2004,femmes,55,1475,France entière
2004,femmes,56,1467,France entière
2004,femmes,57,1565,France entière
2004,femmes,58,1466,France entière
2004,femmes,59,1395,France entière
2004,femmes,60,1470,France entière
2004,femmes,61,1438,France entière
2004,femmes,62,1416,France entière
2004,femmes,63,1382,France entière
2004,femmes,64,1722,France entière
2004,femmes,65,1864,France entière
2004,femmes,66,1874,France entière
2004,femmes,67,2074,France entière
2004,femmes,68,2481,France entière
2004,femmes,69,2610,France entière
2004,femmes,70,2945,France entière
2004,femmes,71,3332,France entière
2004,femmes,72,3720,France entière
2004,femmes,73,4095,France entière
2004,femmes,74,4530,France entière
2004,femmes,75,4704,France entière
2004,femmes,76,5492,France entière
2004,femmes,77,5759,France entière
2004,femmes,78,6496,France entière
2004,femmes,79,7206,France entière
2004,femmes,80,7933,France entière
2004,femmes,81,8605,France entière
2004,femmes,82,9770,France entière
2004,femmes,83,10883,France entière
2004,femmes,84,9844,France entière
2004,femmes,85,6600,France entière
2004,femmes,86,6630,France entière
2004,femmes,87,6287,France entière
2004,femmes,88,6185,France entière
2004,femmes,89,10234,France entière
2004,femmes,90,11329,France entière
2004,femmes,91,10847,France entière
2004,femmes,92,9853,France entière
2004,femmes,93,8811,France entière
2004,femmes,94,7824,France entière
2004,femmes,95,6598,France entière
2004,femmes,96,5257,France entière
2004,femmes,97,4096,France entière
2004,femmes,98,2964,France entière
2004,femmes,99,2167,France entière
2004,femmes,100,4098,France entière
2005,femmes,0,1322,France entière
2005,femmes,1,116,France entière
2005,femmes,2,72,France entière
2005,femmes,3,58,France entière
2005,femmes,4,49,France entière
2005,femmes,5,41,France entière
2005,femmes,6,36,France entière
2005,femmes,7,29,France entière
2005,femmes,8,33,France entière
2005,femmes,9,26,France entière
2005,femmes,10,33,France entière
2005,femmes,11,27,France entière
2005,femmes,12,22,France entière
2005,femmes,13,45,France entière
2005,femmes,14,54,France entière
2005,femmes,15,54,France entière
2005,femmes,16,77,France entière
2005,femmes,17,86,France entière
2005,femmes,18,108,France entière
2005,femmes,19,109,France entière
2005,femmes,20,131,France entière
2005,femmes,21,131,France entière
2005,femmes,22,106,France entière
2005,femmes,23,123,France entière
2005,femmes,24,91,France entière
2005,femmes,25,113,France entière
2005,femmes,26,118,France entière
2005,femmes,27,123,France entière
2005,femmes,28,126,France entière
2005,femmes,29,139,France entière
2005,femmes,30,154,France entière
2005,femmes,31,200,France entière
2005,femmes,32,214,France entière
2005,femmes,33,221,France entière
2005,femmes,34,233,France entière
2005,femmes,35,275,France entière
2005,femmes,36,285,France entière
2005,femmes,37,325,France entière
2005,femmes,38,382,France entière
2005,femmes,39,432,France entière
2005,femmes,40,463,France entière
2005,femmes,41,496,France entière
2005,femmes,42,557,France entière
2005,femmes,43,622,France entière
2005,femmes,44,645,France entière
2005,femmes,45,740,France entière
2005,femmes,46,841,France entière
2005,femmes,47,856,France entière
2005,femmes,48,936,France entière
2005,femmes,49,1025,France entière
2005,femmes,50,1065,France entière
2005,femmes,51,1180,France entière
2005,femmes,52,1179,France entière
2005,femmes,53,1243,France entière
2005,femmes,54,1396,France entière
2005,femmes,55,1445,France entière
2005,femmes,56,1523,France entière
2005,femmes,57,1624,France entière
2005,femmes,58,1640,France entière
2005,femmes,59,1557,France entière
2005,femmes,60,1492,France entière
2005,femmes,61,1473,France entière
2005,femmes,62,1580,France entière
2005,femmes,63,1512,France entière
2005,femmes,64,1456,France entière
2005,femmes,65,1761,France entière
2005,femmes,66,2005,France entière
2005,femmes,67,2175,France entière
2005,femmes,68,2365,France entière
2005,femmes,69,2543,France entière
2005,femmes,70,2933,France entière
2005,femmes,71,3301,France entière
2005,femmes,72,3557,France entière
2005,femmes,73,3972,France entière
2005,femmes,74,4514,France entière
2005,femmes,75,4873,France entière
2005,femmes,76,5341,France entière
2005,femmes,77,6070,France entière
2005,femmes,78,6544,France entière
2005,femmes,79,7444,France entière
2005,femmes,80,8205,France entière
2005,femmes,81,8882,France entière
2005,femmes,82,9748,France entière
2005,femmes,83,10832,France entière
2005,femmes,84,11989,France entière
2005,femmes,85,11012,France entière
2005,femmes,86,7264,France entière
2005,femmes,87,7146,France entière
2005,femmes,88,6671,France entière
2005,femmes,89,6673,France entière
2005,femmes,90,10647,France entière
2005,femmes,91,11596,France entière
2005,femmes,92,10641,France entière
2005,femmes,93,9702,France entière
2005,femmes,94,8136,France entière
2005,femmes,95,7191,France entière
2005,femmes,96,5875,France entière
2005,femmes,97,4647,France entière
2005,femmes,98,3476,France entière
2005,femmes,99,2389,France entière
2005,femmes,100,4661,France entière
2006,femmes,0,1357,France entière
2006,femmes,1,113,France entière
2006,femmes,2,68,France entière
2006,femmes,3,60,France entière
2006,femmes,4,52,France entière
2006,femmes,5,47,France entière
2006,femmes,6,33,France entière
2006,femmes,7,24,France entière
2006,femmes,8,31,France entière
2006,femmes,9,32,France entière
2006,femmes,10,21,France entière
2006,femmes,11,30,France entière
2006,femmes,12,34,France entière
2006,femmes,13,46,France entière
2006,femmes,14,37,France entière
2006,femmes,15,56,France entière
2006,femmes,16,77,France entière
2006,femmes,17,90,France entière
2006,femmes,18,99,France entière
2006,femmes,19,105,France entière
2006,femmes,20,119,France entière
2006,femmes,21,117,France entière
2006,femmes,22,107,France entière
2006,femmes,23,102,France entière
2006,femmes,24,123,France entière
2006,femmes,25,105,France entière
2006,femmes,26,135,France entière
2006,femmes,27,107,France entière
2006,femmes,28,126,France entière
2006,femmes,29,110,France entière
2006,femmes,30,129,France entière
2006,femmes,31,162,France entière
2006,femmes,32,188,France entière
2006,femmes,33,207,France entière
2006,femmes,34,240,France entière
2006,femmes,35,279,France entière
2006,femmes,36,283,France entière
2006,femmes,37,304,France entière
2006,femmes,38,377,France entière
2006,femmes,39,425,France entière
2006,femmes,40,439,France entière
2006,femmes,41,492,France entière
2006,femmes,42,564,France entière
2006,femmes,43,607,France entière
2006,femmes,44,602,France entière
2006,femmes,45,682,France entière
2006,femmes,46,838,France entière
2006,femmes,47,835,France entière
2006,femmes,48,939,France entière
2006,femmes,49,1029,France entière
2006,femmes,50,1129,France entière
2006,femmes,51,1206,France entière
2006,femmes,52,1226,France entière
2006,femmes,53,1292,France entière
2006,femmes,54,1330,France entière
2006,femmes,55,1423,France entière
2006,femmes,56,1521,France entière
2006,femmes,57,1731,France entière
2006,femmes,58,1618,France entière
2006,femmes,59,1734,France entière
2006,femmes,60,1643,France entière
2006,femmes,61,1450,France entière
2006,femmes,62,1588,France entière
2006,femmes,63,1671,France entière
2006,femmes,64,1643,France entière
2006,femmes,65,1542,France entière
2006,femmes,66,1913,France entière
2006,femmes,67,2041,France entière
2006,femmes,68,2337,France entière
2006,femmes,69,2428,France entière
2006,femmes,70,2707,France entière
2006,femmes,71,3129,France entière
2006,femmes,72,3365,France entière
2006,femmes,73,3838,France entière
2006,femmes,74,4407,France entière
2006,femmes,75,4835,France entière
2006,femmes,76,5350,France entière
2006,femmes,77,5815,France entière
2006,femmes,78,6457,France entière
2006,femmes,79,6934,France entière
2006,femmes,80,7645,France entière
2006,femmes,81,8433,France entière
2006,femmes,82,9328,France entière
2006,femmes,83,10037,France entière
2006,femmes,84,11263,France entière
2006,femmes,85,12086,France entière
2006,femmes,86,10994,France entière
2006,femmes,87,7125,France entière
2006,femmes,88,6780,France entière
2006,femmes,89,6488,France entière
2006,femmes,90,6290,France entière
2006,femmes,91,9938,France entière
2006,femmes,92,10680,France entière
2006,femmes,93,9669,France entière
2006,femmes,94,8148,France entière
2006,femmes,95,6857,France entière
2006,femmes,96,5856,France entière
2006,femmes,97,4434,France entière
2006,femmes,98,3377,France entière
2006,femmes,99,2479,France entière
2006,femmes,100,4875,France entière
2007,femmes,0,1289,France entière
2007,femmes,1,114,France entière
2007,femmes,2,63,France entière
2007,femmes,3,50,France entière
2007,femmes,4,42,France entière
2007,femmes,5,39,France entière
2007,femmes,6,37,France entière
2007,femmes,7,36,France entière
2007,femmes,8,37,France entière
2007,femmes,9,29,France entière
2007,femmes,10,24,France entière
2007,femmes,11,30,France entière
2007,femmes,12,35,France entière
2007,femmes,13,30,France entière
2007,femmes,14,45,France entière
2007,femmes,15,45,France entière
2007,femmes,16,72,France entière
2007,femmes,17,73,France entière
2007,femmes,18,94,France entière
2007,femmes,19,93,France entière
2007,femmes,20,106,France entière
2007,femmes,21,106,France entière
2007,femmes,22,70,France entière
2007,femmes,23,117,France entière
2007,femmes,24,110,France entière
2007,femmes,25,101,France entière
2007,femmes,26,137,France entière
2007,femmes,27,137,France entière
2007,femmes,28,130,France entière
2007,femmes,29,132,France entière
2007,femmes,30,142,France entière
2007,femmes,31,134,France entière
2007,femmes,32,152,France entière
2007,femmes,33,193,France entière
2007,femmes,34,229,France entière
2007,femmes,35,243,France entière
2007,femmes,36,268,France entière
2007,femmes,37,331,France entière
2007,femmes,38,342,France entière
2007,femmes,39,384,France entière
2007,femmes,40,402,France entière
2007,femmes,41,482,France entière
2007,femmes,42,544,France entière
2007,femmes,43,573,France entière
2007,femmes,44,666,France entière
2007,femmes,45,706,France entière
2007,femmes,46,745,France entière
2007,femmes,47,825,France entière
2007,femmes,48,938,France entière
2007,femmes,49,968,France entière
2007,femmes,50,1077,France entière
2007,femmes,51,1116,France entière
2007,femmes,52,1171,France entière
2007,femmes,53,1261,France entière
2007,femmes,54,1308,France entière
2007,femmes,55,1403,France entière
2007,femmes,56,1503,France entière
2007,femmes,57,1653,France entière
2007,femmes,58,1734,France entière
2007,femmes,59,1812,France entière
2007,femmes,60,1946,France entière
2007,femmes,61,1657,France entière
2007,femmes,62,1608,France entière
2007,femmes,63,1727,France entière
2007,femmes,64,1660,France entière
2007,femmes,65,1655,France entière
2007,femmes,66,1639,France entière
2007,femmes,67,1937,France entière
2007,femmes,68,2204,France entière
2007,femmes,69,2407,France entière
2007,femmes,70,2753,France entière
2007,femmes,71,2868,France entière
2007,femmes,72,3369,France entière
2007,femmes,73,3643,France entière
2007,femmes,74,4089,France entière
2007,femmes,75,4634,France entière
2007,femmes,76,5257,France entière
2007,femmes,77,5575,France entière
2007,femmes,78,6177,France entière
2007,femmes,79,7001,France entière
2007,femmes,80,7673,France entière
2007,femmes,81,8400,France entière
2007,femmes,82,9134,France entière
2007,femmes,83,9865,France entière
2007,femmes,84,10744,France entière
2007,femmes,85,11950,France entière
2007,femmes,86,12695,France entière
2007,femmes,87,11513,France entière
2007,femmes,88,7455,France entière
2007,femmes,89,7177,France entière
2007,femmes,90,6357,France entière
2007,femmes,91,6234,France entière
2007,femmes,92,9366,France entière
2007,femmes,93,9785,France entière
2007,femmes,94,8946,France entière
2007,femmes,95,7302,France entière
2007,femmes,96,5904,France entière
2007,femmes,97,4823,France entière
2007,femmes,98,3758,France entière
2007,femmes,99,2611,France entière
2007,femmes,100,5286,France entière
2008,femmes,0,1408,France entière
2008,femmes,1,113,France entière
2008,femmes,2,74,France entière
2008,femmes,3,66,France entière
2008,femmes,4,37,France entière
2008,femmes,5,35,France entière
2008,femmes,6,39,France entière
2008,femmes,7,30,France entière
2008,femmes,8,28,France entière
2008,femmes,9,32,France entière
2008,femmes,10,35,France entière
2008,femmes,11,30,France entière
2008,femmes,12,33,France entière
2008,femmes,13,34,France entière
2008,femmes,14,38,France entière
2008,femmes,15,51,France entière
2008,femmes,16,54,France entière
2008,femmes,17,64,France entière
2008,femmes,18,95,France entière
2008,femmes,19,103,France entière
2008,femmes,20,79,France entière
2008,femmes,21,99,France entière
2008,femmes,22,113,France entière
2008,femmes,23,93,France entière
2008,femmes,24,105,France entière
2008,femmes,25,107,France entière
2008,femmes,26,106,France entière
2008,femmes,27,119,France entière
2008,femmes,28,119,France entière
2008,femmes,29,132,France entière
2008,femmes,30,149,France entière
2008,femmes,31,147,France entière
2008,femmes,32,174,France entière
2008,femmes,33,186,France entière
2008,femmes,34,247,France entière
2008,femmes,35,278,France entière
2008,femmes,36,271,France entière
2008,femmes,37,306,France entière
2008,femmes,38,359,France entière
2008,femmes,39,412,France entière
2008,femmes,40,407,France entière
2008,femmes,41,470,France entière
2008,femmes,42,490,France entière
2008,femmes,43,608,France entière
2008,femmes,44,664,France entière
2008,femmes,45,760,France entière
2008,femmes,46,726,France entière
2008,femmes,47,843,France entière
2008,femmes,48,887,France entière
2008,femmes,49,992,France entière
2008,femmes,50,1021,France entière
2008,femmes,51,1153,France entière
2008,femmes,52,1250,France entière
2008,femmes,53,1261,France entière
2008,femmes,54,1353,France entière
2008,femmes,55,1474,France entière
2008,femmes,56,1512,France entière
2008,femmes,57,1602,France entière
2008,femmes,58,1735,France entière
2008,femmes,59,1754,France entière
2008,femmes,60,1845,France entière
2008,femmes,61,2107,France entière
2008,femmes,62,1852,France entière
2008,femmes,63,1626,France entière
2008,femmes,64,1785,France entière
2008,femmes,65,1774,France entière
2008,femmes,66,1812,France entière
2008,femmes,67,1752,France entière
2008,femmes,68,2196,France entière
2008,femmes,69,2509,France entière
2008,femmes,70,2630,France entière
2008,femmes,71,2929,France entière
2008,femmes,72,3145,France entière
2008,femmes,73,3663,France entière
2008,femmes,74,4022,France entière
2008,femmes,75,4518,France entière
2008,femmes,76,5190,France entière
2008,femmes,77,5885,France entière
2008,femmes,78,6237,France entière
2008,femmes,79,7008,France entière
2008,femmes,80,7518,France entière
2008,femmes,81,8466,France entière
2008,femmes,82,9130,France entière
2008,femmes,83,10258,France entière
2008,femmes,84,10845,France entière
2008,femmes,85,11658,France entière
2008,femmes,86,12628,France entière
2008,femmes,87,13515,France entière
2008,femmes,88,11929,France entière
2008,femmes,89,7680,France entière
2008,femmes,90,7293,France entière
2008,femmes,91,6352,France entière
2008,femmes,92,6011,France entière
2008,femmes,93,8923,France entière
2008,femmes,94,9122,France entière
2008,femmes,95,8012,France entière
2008,femmes,96,6385,France entière
2008,femmes,97,5143,France entière
2008,femmes,98,4032,France entière
2008,femmes,99,2987,France entière
2008,femmes,100,5808,France entière
2009,femmes,0,1391,France entière
2009,femmes,1,108,France entière
2009,femmes,2,75,France entière
2009,femmes,3,47,France entière
2009,femmes,4,43,France entière
2009,femmes,5,39,France entière
2009,femmes,6,36,France entière
2009,femmes,7,25,France entière
2009,femmes,8,40,France entière
2009,femmes,9,30,France entière
2009,femmes,10,30,France entière
2009,femmes,11,25,France entière
2009,femmes,12,26,France entière
2009,femmes,13,40,France entière
2009,femmes,14,54,France entière
2009,femmes,15,50,France entière
2009,femmes,16,72,France entière
2009,femmes,17,92,France entière
2009,femmes,18,69,France entière
2009,femmes,19,93,France entière
2009,femmes,20,101,France entière
2009,femmes,21,110,France entière
2009,femmes,22,94,France entière
2009,femmes,23,97,France entière
2009,femmes,24,104,France entière
2009,femmes,25,105,France entière
2009,femmes,26,130,France entière
2009,femmes,27,131,France entière
2009,femmes,28,128,France entière
2009,femmes,29,130,France entière
2009,femmes,30,142,France entière
2009,femmes,31,143,France entière
2009,femmes,32,156,France entière
2009,femmes,33,187,France entière
2009,femmes,34,244,France entière
2009,femmes,35,250,France entière
2009,femmes,36,254,France entière
2009,femmes,37,296,France entière
2009,femmes,38,335,France entière
2009,femmes,39,371,France entière
2009,femmes,40,412,France entière
2009,femmes,41,442,France entière
2009,femmes,42,538,France entière
2009,femmes,43,564,France entière
2009,femmes,44,669,France entière
2009,femmes,45,743,France entière
2009,femmes,46,721,France entière
2009,femmes,47,840,France entière
2009,femmes,48,894,France entière
2009,femmes,49,987,France entière
2009,femmes,50,1057,France entière
2009,femmes,51,1213,France entière
2009,femmes,52,1230,France entière
2009,femmes,53,1296,France entière
2009,femmes,54,1320,France entière
2009,femmes,55,1463,France entière
2009,femmes,56,1472,France entière
2009,femmes,57,1666,France entière
2009,femmes,58,1767,France entière
2009,femmes,59,1843,France entière
2009,femmes,60,1798,France entière
2009,femmes,61,1961,France entière
2009,femmes,62,2104,France entière
2009,femmes,63,1928,France entière
2009,femmes,64,1802,France entière
2009,femmes,65,1911,France entière
2009,femmes,66,1942,France entière
2009,femmes,67,1933,France entière
2009,femmes,68,1915,France entière
2009,femmes,69,2336,France entière
2009,femmes,70,2568,France entière
2009,femmes,71,2730,France entière
2009,femmes,72,3114,France entière
2009,femmes,73,3492,France entière
2009,femmes,74,3835,France entière
2009,femmes,75,4426,France entière
2009,femmes,76,4889,France entière
2009,femmes,77,5487,France entière
2009,femmes,78,6169,France entière
2009,femmes,79,6782,France entière
2009,femmes,80,7386,France entière
2009,femmes,81,8348,France entière
2009,femmes,82,9204,France entière
2009,femmes,83,10016,France entière
2009,femmes,84,10944,France entière
2009,femmes,85,11763,France entière
2009,femmes,86,12459,France entière
2009,femmes,87,13573,France entière
2009,femmes,88,14350,France entière
2009,femmes,89,12222,France entière
2009,femmes,90,7648,France entière
2009,femmes,91,7012,France entière
2009,femmes,92,6093,France entière
2009,femmes,93,5690,France entière
2009,femmes,94,8217,France entière
2009,femmes,95,8189,France entière
2009,femmes,96,7037,France entière
2009,femmes,97,5317,France entière
2009,femmes,98,4120,France entière
2009,femmes,99,3017,France entière
2009,femmes,100,6130,France entière
2010,femmes,0,1336,France entière
2010,femmes,1,130,France entière
2010,femmes,2,59,France entière
2010,femmes,3,50,France entière
2010,femmes,4,33,France entière
2010,femmes,5,21,France entière
2010,femmes,6,31,France entière
2010,femmes,7,33,France entière
2010,femmes,8,34,France entière
2010,femmes,9,28,France entière
2010,femmes,10,28,France entière
2010,femmes,11,30,France entière
2010,femmes,12,36,France entière
2010,femmes,13,41,France entière
2010,femmes,14,39,France entière
2010,femmes,15,49,France entière
2010,femmes,16,55,France entière
2010,femmes,17,52,France entière
2010,femmes,18,86,France entière
2010,femmes,19,93,France entière
2010,femmes,20,98,France entière
2010,femmes,21,100,France entière
2010,femmes,22,98,France entière
2010,femmes,23,95,France entière
2010,femmes,24,105,France entière
2010,femmes,25,109,France entière
2010,femmes,26,101,France entière
2010,femmes,27,135,France entière
2010,femmes,28,141,France entière
2010,femmes,29,133,France entière
2010,femmes,30,131,France entière
2010,femmes,31,129,France entière
2010,femmes,32,145,France entière
2010,femmes,33,169,France entière
2010,femmes,34,174,France entière
2010,femmes,35,209,France entière
2010,femmes,36,247,France entière
2010,femmes,37,298,France entière
2010,femmes,38,335,France entière
2010,femmes,39,351,France entière
2010,femmes,40,381,France entière
2010,femmes,41,459,France entière
2010,femmes,42,490,France entière
2010,femmes,43,500,France entière
2010,femmes,44,617,France entière
2010,femmes,45,649,France entière
2010,femmes,46,771,France entière
2010,femmes,47,788,France entière
2010,femmes,48,896,France entière
2010,femmes,49,951,France entière
2010,femmes,50,1059,France entière
2010,femmes,51,1176,France entière
2010,femmes,52,1127,France entière
2010,femmes,53,1256,France entière
2010,femmes,54,1384,France entière
2010,femmes,55,1403,France entière
2010,femmes,56,1520,France entière
2010,femmes,57,1652,France entière
2010,femmes,58,1686,France entière
2010,femmes,59,1813,France entière
2010,femmes,60,2011,France entière
2010,femmes,61,1962,France entière
2010,femmes,62,2182,France entière
2010,femmes,63,2216,France entière
2010,femmes,64,2014,France entière
2010,femmes,65,1918,France entière
2010,femmes,66,1987,France entière
2010,femmes,67,2047,France entière
2010,femmes,68,2076,France entière
2010,femmes,69,2020,France entière
2010,femmes,70,2435,France entière
2010,femmes,71,2741,France entière
2010,femmes,72,3073,France entière
2010,femmes,73,3270,France entière
2010,femmes,74,3707,France entière
2010,femmes,75,4131,France entière
2010,femmes,76,4747,France entière
2010,femmes,77,5328,France entière
2010,femmes,78,6035,France entière
2010,femmes,79,6774,France entière
2010,femmes,80,7490,France entière
2010,femmes,81,8236,France entière
2010,femmes,82,8951,France entière
2010,femmes,83,9775,France entière
2010,femmes,84,10818,France entière
2010,femmes,85,11528,France entière
2010,femmes,86,12140,France entière
2010,femmes,87,12771,France entière
2010,femmes,88,13827,France entière
2010,femmes,89,14325,France entière
2010,femmes,90,12320,France entière
2010,femmes,91,7328,France entière
2010,femmes,92,6694,France entière
2010,femmes,93,5781,France entière
2010,femmes,94,5189,France entière
2010,femmes,95,7162,France entière
2010,femmes,96,7120,France entière
2010,femmes,97,5739,France entière
2010,femmes,98,4190,France entière
2010,femmes,99,3144,France entière
2010,femmes,100,6615,France entière
2011,femmes,0,1292,France entière
2011,femmes,1,115,France entière
2011,femmes,2,61,France entière
2011,femmes,3,38,France entière
2011,femmes,4,32,France entière
2011,femmes,5,43,France entière
2011,femmes,6,30,France entière
2011,femmes,7,28,France entière
2011,femmes,8,21,France entière
2011,femmes,9,23,France entière
2011,femmes,10,24,France entière
2011,femmes,11,27,France entière
2011,femmes,12,33,France entière
2011,femmes,13,28,France entière
2011,femmes,14,37,France entière
2011,femmes,15,44,France entière
2011,femmes,16,71,France entière
2011,femmes,17,64,France entière
2011,femmes,18,83,France entière
2011,femmes,19,86,France entière
2011,femmes,20,103,France entière
2011,femmes,21,91,France entière
2011,femmes,22,106,France entière
2011,femmes,23,88,France entière
2011,femmes,24,86,France entière
2011,femmes,25,105,France entière
2011,femmes,26,102,France entière
2011,femmes,27,116,France entière
2011,femmes,28,139,France entière
2011,femmes,29,100,France entière
2011,femmes,30,154,France entière
2011,femmes,31,146,France entière
2011,femmes,32,145,France entière
2011,femmes,33,156,France entière
2011,femmes,34,185,France entière
2011,femmes,35,194,France entière
2011,femmes,36,221,France entière
2011,femmes,37,278,France entière
2011,femmes,38,328,France entière
2011,femmes,39,334,France entière
2011,femmes,40,393,France entière
2011,femmes,41,393,France entière
2011,femmes,42,471,France entière
2011,femmes,43,530,France entière
2011,femmes,44,561,France entière
2011,femmes,45,663,France entière
2011,femmes,46,722,France entière
2011,femmes,47,780,France entière
2011,femmes,48,829,France entière
2011,femmes,49,934,France entière
2011,femmes,50,1010,France entière
2011,femmes,51,1111,France entière
2011,femmes,52,1181,France entière
2011,femmes,53,1204,France entière
2011,femmes,54,1370,France entière
2011,femmes,55,1496,France entière
2011,femmes,56,1507,France entière
2011,femmes,57,1524,France entière
2011,femmes,58,1666,France entière
2011,femmes,59,1757,France entière
2011,femmes,60,1937,France entière
2011,femmes,61,2031,France entière
2011,femmes,62,2104,France entière
2011,femmes,63,2283,France entière
2011,femmes,64,2332,France entière
2011,femmes,65,2108,France entière
2011,femmes,66,1945,France entière
2011,femmes,67,2070,France entière
2011,femmes,68,2155,France entière
2011,femmes,69,2101,France entière
2011,femmes,70,2095,France entière
2011,femmes,71,2576,France entière
2011,femmes,72,2890,France entière
2011,femmes,73,3326,France entière
2011,femmes,74,3388,France entière
2011,femmes,75,3908,France entière
2011,femmes,76,4482,France entière
2011,femmes,77,5001,France entière
2011,femmes,78,5573,France entière
2011,femmes,79,6450,France entière
2011,femmes,80,7247,France entière
2011,femmes,81,7938,France entière
2011,femmes,82,8586,France entière
2011,femmes,83,9509,France entière
2011,femmes,84,10201,France entière
2011,femmes,85,11286,France entière
2011,femmes,86,12054,France entière
2011,femmes,87,12467,France entière
2011,femmes,88,12947,France entière
2011,femmes,89,13605,France entière
2011,femmes,90,13807,France entière
2011,femmes,91,11855,France entière
2011,femmes,92,6952,France entière
2011,femmes,93,6192,France entière
2011,femmes,94,5144,France entière
2011,femmes,95,4438,France entière
2011,femmes,96,6206,France entière
2011,femmes,97,5696,France entière
2011,femmes,98,4541,France entière
2011,femmes,99,3386,France entière
2011,femmes,100,6870,France entière
2012,femmes,0,1279,France entière
2012,femmes,1,94,France entière
2012,femmes,2,54,France entière
2012,femmes,3,54,France entière
2012,femmes,4,37,France entière
2012,femmes,5,24,France entière
2012,femmes,6,40,France entière
2012,femmes,7,22,France entière
2012,femmes,8,24,France entière
2012,femmes,9,29,France entière
2012,femmes,10,22,France entière
2012,femmes,11,34,France entière
2012,femmes,12,29,France entière
2012,femmes,13,42,France entière
2012,femmes,14,47,France entière
2012,femmes,15,49,France entière
2012,femmes,16,43,France entière
2012,femmes,17,54,France entière
2012,femmes,18,83,France entière
2012,femmes,19,94,France entière
2012,femmes,20,104,France entière
2012,femmes,21,88,France entière
2012,femmes,22,98,France entière
2012,femmes,23,96,France entière
2012,femmes,24,84,France entière
2012,femmes,25,100,France entière
2012,femmes,26,115,France entière
2012,femmes,27,106,France entière
2012,femmes,28,109,France entière
2012,femmes,29,133,France entière
2012,femmes,30,140,France entière
2012,femmes,31,131,France entière
2012,femmes,32,163,France entière
2012,femmes,33,171,France entière
2012,femmes,34,154,France entière
2012,femmes,35,180,France entière
2012,femmes,36,199,France entière
2012,femmes,37,261,France entière
2012,femmes,38,312,France entière
2012,femmes,39,340,France entière
2012,femmes,40,349,France entière
2012,femmes,41,418,France entière
2012,femmes,42,437,France entière
2012,femmes,43,497,France entière
2012,femmes,44,562,France entière
2012,femmes,45,612,France entière
2012,femmes,46,717,France entière
2012,femmes,47,784,France entière
2012,femmes,48,887,France entière
2012,femmes,49,882,France entière
2012,femmes,50,954,France entière
2012,femmes,51,1084,France entière
2012,femmes,52,1175,France entière
2012,femmes,53,1292,France entière
2012,femmes,54,1273,France entière
2012,femmes,55,1392,France entière
2012,femmes,56,1491,France entière
2012,femmes,57,1634,France entière
2012,femmes,58,1685,France entière
2012,femmes,59,1749,France entière
2012,femmes,60,1834,France entière
2012,femmes,61,2037,France entière
2012,femmes,62,2163,France entière
2012,femmes,63,2246,France entière
2012,femmes,64,2366,France entière
2012,femmes,65,2544,France entière
2012,femmes,66,2184,France entière
2012,femmes,67,2126,France entière
2012,femmes,68,2276,France entière
2012,femmes,69,2289,France entière
2012,femmes,70,2368,France entière
2012,femmes,71,2332,France entière
2012,femmes,72,2785,France entière
2012,femmes,73,3236,France entière
2012,femmes,74,3445,France entière
2012,femmes,75,3906,France entière
2012,femmes,76,4527,France entière
2012,femmes,77,4948,France entière
2012,femmes,78,5620,France entière
2012,femmes,79,6546,France entière
2012,femmes,80,7354,France entière
2012,femmes,81,8216,France entière
2012,femmes,82,8988,France entière
2012,femmes,83,9917,France entière
2012,femmes,84,10673,France entière
2012,femmes,85,11660,France entière
2012,femmes,86,12607,France entière
2012,femmes,87,13199,France entière
2012,femmes,88,13533,France entière
2012,femmes,89,14244,France entière
2012,femmes,90,14538,France entière
2012,femmes,91,14424,France entière
2012,femmes,92,11863,France entière
2012,femmes,93,6984,France entière
2012,femmes,94,6046,France entière
2012,femmes,95,4934,France entière
2012,femmes,96,4238,France entière
2012,femmes,97,5702,France entière
2012,femmes,98,4988,France entière
2012,femmes,99,3775,France entière
2012,femmes,100,7887,France entière
2013,femmes,0,1305,France entière
2013,femmes,1,92,France entière
2013,femmes,2,70,France entière
2013,femmes,3,49,France entière
2013,femmes,4,43,France entière
2013,femmes,5,51,France entière
2013,femmes,6,28,France entière
2013,femmes,7,38,France entière
2013,femmes,8,27,France entière
2013,femmes,9,25,France entière
2013,femmes,10,26,France entière
2013,femmes,11,29,France entière
2013,femmes,12,25,France entière
2013,femmes,13,38,France entière
2013,femmes,14,52,France entière
2013,femmes,15,36,France entière
2013,femmes,16,54,France entière
2013,femmes,17,68,France entière
2013,femmes,18,53,France entière
2013,femmes,19,82,France entière
2013,femmes,20,87,France entière
2013,femmes,21,70,France entière
2013,femmes,22,84,France entière
2013,femmes,23,80,France entière
2013,femmes,24,93,France entière
2013,femmes,25,86,France entière
2013,femmes,26,101,France entière
2013,femmes,27,88,France entière
2013,femmes,28,118,France entière
2013,femmes,29,119,France entière
2013,femmes,30,125,France entière
2013,femmes,31,154,France entière
2013,femmes,32,149,France entière
2013,femmes,33,160,France entière
2013,femmes,34,178,France entière
2013,femmes,35,163,France entière
2013,femmes,36,229,France entière
2013,femmes,37,247,France entière
2013,femmes,38,280,France entière
2013,femmes,39,302,France entière
2013,femmes,40,371,France entière
2013,femmes,41,386,France entière
2013,femmes,42,455,France entière
2013,femmes,43,498,France entière
2013,femmes,44,549,France entière
2013,femmes,45,565,France entière
2013,femmes,46,714,France entière
2013,femmes,47,745,France entière
2013,femmes,48,838,France entière
2013,femmes,49,900,France entière
2013,femmes,50,1008,France entière
2013,femmes,51,1075,France entière
2013,femmes,52,1076,France entière
2013,femmes,53,1162,France entière
2013,femmes,54,1330,France entière
2013,femmes,55,1385,France entière
2013,femmes,56,1493,France entière
2013,femmes,57,1594,France entière
2013,femmes,58,1686,France entière
2013,femmes,59,1760,France entière
2013,femmes,60,1901,France entière
2013,femmes,61,2044,France entière
2013,femmes,62,2178,France entière
2013,femmes,63,2203,France entière
2013,femmes,64,2385,France entière
2013,femmes,65,2504,France entière
2013,femmes,66,2595,France entière
2013,femmes,67,2330,France entière
2013,femmes,68,2234,France entière
2013,femmes,69,2514,France entière
2013,femmes,70,2481,France entière
2013,femmes,71,2516,France entière
2013,femmes,72,2633,France entière
2013,femmes,73,3213,France entière
2013,femmes,74,3454,France entière
2013,femmes,75,3917,France entière
2013,femmes,76,4187,France entière
2013,femmes,77,4772,France entière
2013,femmes,78,5229,France entière
2013,femmes,79,6063,France entière
2013,femmes,80,7079,France entière
2013,femmes,81,7812,France entière
2013,femmes,82,8831,France entière
2013,femmes,83,9470,France entière
2013,femmes,84,10312,France entière
2013,femmes,85,11545,France entière
2013,femmes,86,12388,France entière
2013,femmes,87,12885,France entière
2013,femmes,88,13413,France entière
2013,femmes,89,14135,France entière
2013,femmes,90,13892,France entière
2013,femmes,91,14343,France entière
2013,femmes,92,13831,France entière
2013,femmes,93,10881,France entière
2013,femmes,94,6200,France entière
2013,femmes,95,5321,France entière
2013,femmes,96,4157,France entière
2013,femmes,97,3442,France entière
2013,femmes,98,4434,France entière
2013,femmes,99,3668,France entière
2013,femmes,100,7869,France entière
2014,femmes,0,1293,France entière
2014,femmes,1,106,France entière
2014,femmes,2,69,France entière
2014,femmes,3,40,France entière
2014,femmes,4,30,France entière
2014,femmes,5,29,France entière
2014,femmes,6,30,France entière
2014,femmes,7,28,France entière
2014,femmes,8,33,France entière
2014,femmes,9,28,France entière
2014,femmes,10,28,France entière
2014,femmes,11,30,France entière
2014,femmes,12,23,France entière
2014,femmes,13,37,France entière
2014,femmes,14,34,France entière
2014,femmes,15,46,France entière
2014,femmes,16,46,France entière
2014,femmes,17,59,France entière
2014,femmes,18,71,France entière
2014,femmes,19,64,France entière
2014,femmes,20,82,France entière
2014,femmes,21,67,France entière
2014,femmes,22,71,France entière
2014,femmes,23,73,France entière
2014,femmes,24,81,France entière
2014,femmes,25,93,France entière
2014,femmes,26,121,France entière
2014,femmes,27,109,France entière
2014,femmes,28,115,France entière
2014,femmes,29,123,France entière
2014,femmes,30,121,France entière
2014,femmes,31,128,France entière
2014,femmes,32,151,France entière
2014,femmes,33,171,France entière
2014,femmes,34,162,France entière
2014,femmes,35,186,France entière
2014,femmes,36,217,France entière
2014,femmes,37,250,France entière
2014,femmes,38,262,France entière
2014,femmes,39,308,France entière
2014,femmes,40,329,France entière
2014,femmes,41,438,France entière
2014,femmes,42,414,France entière
2014,femmes,43,508,France entière
2014,femmes,44,556,France entière
2014,femmes,45,601,France entière
2014,femmes,46,636,France entière
2014,femmes,47,716,France entière
2014,femmes,48,837,France entière
2014,femmes,49,868,France entière
2014,femmes,50,998,France entière
2014,femmes,51,1021,France entière
2014,femmes,52,1118,France entière
2014,femmes,53,1125,France entière
2014,femmes,54,1327,France entière
2014,femmes,55,1387,France entière
2014,femmes,56,1428,France entière
2014,femmes,57,1524,France entière
2014,femmes,58,1626,France entière
2014,femmes,59,1780,France entière
2014,femmes,60,1799,France entière
2014,femmes,61,2001,France entière
2014,femmes,62,2079,France entière
2014,femmes,63,2232,France entière
2014,femmes,64,2424,France entière
2014,femmes,65,2548,France entière
2014,femmes,66,2616,France entière
2014,femmes,67,2662,France entière
2014,femmes,68,2683,France entière
2014,femmes,69,2312,France entière
2014,femmes,70,2544,France entière
2014,femmes,71,2608,France entière
2014,femmes,72,2684,France entière
2014,femmes,73,2662,France entière
2014,femmes,74,3296,France entière
2014,femmes,75,3626,France entière
2014,femmes,76,4220,France entière
2014,femmes,77,4526,France entière
2014,femmes,78,5059,France entière
2014,femmes,79,5763,France entière
2014,femmes,80,6511,France entière
2014,femmes,81,7444,France entière
2014,femmes,82,8268,France entière
2014,femmes,83,9416,France entière
2014,femmes,84,10126,France entière
2014,femmes,85,10854,France entière
2014,femmes,86,11735,France entière
2014,femmes,87,12517,France entière
2014,femmes,88,13109,France entière
2014,femmes,89,13183,France entière
2014,femmes,90,13464,France entière
2014,femmes,91,13480,France entière
2014,femmes,92,13245,France entière
2014,femmes,93,12414,France entière
2014,femmes,94,9627,France entière
2014,femmes,95,5289,France entière
2014,femmes,96,4464,France entière
2014,femmes,97,3309,France entière
2014,femmes,98,2634,France entière
2014,femmes,99,3347,France entière
2014,femmes,100,8022,France entière
2015,femmes,0,1297,France entière
2015,femmes,1,101,France entière
2015,femmes,2,50,France entière
2015,femmes,3,55,France entière
2015,femmes,4,34,France entière
2015,femmes,5,31,France entière
2015,femmes,6,38,France entière
2015,femmes,7,29,France entière
2015,femmes,8,28,France entière
2015,femmes,9,31,France entière
2015,femmes,10,28,France entière
2015,femmes,11,24,France entière
2015,femmes,12,32,France entière
2015,femmes,13,34,France entière
2015,femmes,14,42,France entière
2015,femmes,15,62,France entière
2015,femmes,16,62,France entière
2015,femmes,17,50,France entière
2015,femmes,18,88,France entière
2015,femmes,19,74,France entière
2015,femmes,20,85,France entière
2015,femmes,21,84,France entière
2015,femmes,22,72,France entière
2015,femmes,23,88,France entière
2015,femmes,24,90,France entière
2015,femmes,25,95,France entière
2015,femmes,26,84,France entière
2015,femmes,27,100,France entière
2015,femmes,28,100,France entière
2015,femmes,29,128,France entière
2015,femmes,30,111,France entière
2015,femmes,31,155,France entière
2015,femmes,32,145,France entière
2015,femmes,33,165,France entière
2015,femmes,34,168,France entière
2015,femmes,35,173,France entière
2015,femmes,36,222,France entière
2015,femmes,37,230,France entière
2015,femmes,38,258,France entière
2015,femmes,39,268,France entière
2015,femmes,40,316,France entière
2015,femmes,41,365,France entière
2015,femmes,42,410,France entière
2015,femmes,43,516,France entière
2015,femmes,44,521,France entière
2015,femmes,45,575,France entière
2015,femmes,46,635,France entière
2015,femmes,47,727,France entière
2015,femmes,48,816,France entière
2015,femmes,49,809,France entière
2015,femmes,50,1010,France entière
2015,femmes,51,1090,France entière
2015,femmes,52,1059,France entière
2015,femmes,53,1203,France entière
2015,femmes,54,1323,France entière
2015,femmes,55,1397,France entière
2015,femmes,56,1491,France entière
2015,femmes,57,1575,France entière
2015,femmes,58,1633,France entière
2015,femmes,59,1805,France entière
2015,femmes,60,1878,France entière
2015,femmes,61,1951,France entière
2015,femmes,62,2067,France entière
2015,femmes,63,2265,France entière
2015,femmes,64,2374,France entière
2015,femmes,65,2644,France entière
2015,femmes,66,2688,France entière
2015,femmes,67,2835,France entière
2015,femmes,68,2990,France entière
2015,femmes,69,2832,France entière
2015,femmes,70,2631,France entière
2015,femmes,71,2908,France entière
2015,femmes,72,2935,France entière
2015,femmes,73,3027,France entière
2015,femmes,74,2959,France entière
2015,femmes,75,3842,France entière
2015,femmes,76,4318,France entière
2015,femmes,77,4608,France entière
2015,femmes,78,5097,France entière
2015,femmes,79,5763,France entière
2015,femmes,80,6648,France entière
2015,femmes,81,7689,France entière
2015,femmes,82,8429,France entière
2015,femmes,83,9556,France entière
2015,femmes,84,10751,France entière
2015,femmes,85,11405,France entière
2015,femmes,86,12373,France entière
2015,femmes,87,13224,France entière
2015,femmes,88,13734,France entière
2015,femmes,89,14498,France entière
2015,femmes,90,14776,France entière
2015,femmes,91,14391,France entière
2015,femmes,92,13745,France entière
2015,femmes,93,13631,France entière
2015,femmes,94,12553,France entière
2015,femmes,95,9336,France entière
2015,femmes,96,4951,France entière
2015,femmes,97,4067,France entière
2015,femmes,98,2996,France entière
2015,femmes,99,2266,France entière
2015,femmes,100,8861,France entière
2016,femmes,0,1304,France entière
2016,femmes,1,112,France entière
2016,femmes,2,60,France entière
2016,femmes,3,44,France entière
2016,femmes,4,39,France entière
2016,femmes,5,39,France entière
2016,femmes,6,25,France entière
2016,femmes,7,23,France entière
2016,femmes,8,30,France entière
2016,femmes,9,25,France entière
2016,femmes,10,29,France entière
2016,femmes,11,35,France entière
2016,femmes,12,24,France entière
2016,femmes,13,24,France entière
2016,femmes,14,48,France entière
2016,femmes,15,53,France entière
2016,femmes,16,50,France entière
2016,femmes,17,52,France entière
2016,femmes,18,61,France entière
2016,femmes,19,79,France entière
2016,femmes,20,82,France entière
2016,femmes,21,72,France entière
2016,femmes,22,87,France entière
2016,femmes,23,106,France entière
2016,femmes,24,80,France entière
2016,femmes,25,87,France entière
2016,femmes,26,100,France entière
2016,femmes,27,103,France entière
2016,femmes,28,112,France entière
2016,femmes,29,150,France entière
2016,femmes,30,123,France entière
2016,femmes,31,139,France entière
2016,femmes,32,152,France entière
2016,femmes,33,172,France entière
2016,femmes,34,181,France entière
2016,femmes,35,181,France entière
2016,femmes,36,212,France entière
2016,femmes,37,217,France entière
2016,femmes,38,236,France entière
2016,femmes,39,280,France entière
2016,femmes,40,291,France entière
2016,femmes,41,306,France entière
2016,femmes,42,371,France entière
2016,femmes,43,488,France entière
2016,femmes,44,527,France entière
2016,femmes,45,614,France entière
2016,femmes,46,612,France entière
2016,femmes,47,729,France entière
2016,femmes,48,766,France entière
2016,femmes,49,863,France entière
2016,femmes,50,935,France entière
2016,femmes,51,958,France entière
2016,femmes,52,1076,France entière
2016,femmes,53,1131,France entière
2016,femmes,54,1194,France entière
2016,femmes,55,1345,France entière
2016,femmes,56,1435,France entière
2016,femmes,57,1647,France entière
2016,femmes,58,1691,France entière
2016,femmes,59,1826,France entière
2016,femmes,60,1973,France entière
2016,femmes,61,2054,France entière
2016,femmes,62,2115,France entière
2016,femmes,63,2286,France entière
2016,femmes,64,2435,France entière
2016,femmes,65,2651,France entière
2016,femmes,66,2820,France entière
2016,femmes,67,2926,France entière
2016,femmes,68,2938,France entière
2016,femmes,69,3227,France entière
2016,femmes,70,3010,France entière
2016,femmes,71,2860,France entière
2016,femmes,72,3135,France entière
2016,femmes,73,3149,France entière
2016,femmes,74,3221,France entière
2016,femmes,75,3152,France entière
2016,femmes,76,3980,France entière
2016,femmes,77,4532,France entière
2016,femmes,78,5152,France entière
2016,femmes,79,5690,France entière
2016,femmes,80,6453,France entière
2016,femmes,81,7292,France entière
2016,femmes,82,8107,France entière
2016,femmes,83,9238,France entière
2016,femmes,84,10376,France entière
2016,femmes,85,11607,France entière
2016,femmes,86,12242,France entière
2016,femmes,87,12767,France entière
2016,femmes,88,13488,France entière
2016,femmes,89,14121,France entière
2016,femmes,90,14476,France entière
2016,femmes,91,14335,France entière
2016,femmes,92,13647,France entière
2016,femmes,93,12981,France entière
2016,femmes,94,12284,France entière
2016,femmes,95,11110,France entière
2016,femmes,96,8037,France entière
2016,femmes,97,4163,France entière
2016,femmes,98,3280,France entière
2016,femmes,99,2219,France entière
2016,femmes,100,7623,France entière
2017,femmes,0,1351,France entière
2017,femmes,1,105,France entière
2017,femmes,2,44,France entière
2017,femmes,3,49,France entière
2017,femmes,4,37,France entière
2017,femmes,5,29,France entière
2017,femmes,6,24,France entière
2017,femmes,7,24,France entière
2017,femmes,8,15,France entière
2017,femmes,9,26,France entière
2017,femmes,10,23,France entière
2017,femmes,11,36,France entière
2017,femmes,12,30,France entière
2017,femmes,13,33,France entière
2017,femmes,14,32,France entière
2017,femmes,15,42,France entière
2017,femmes,16,53,France entière
2017,femmes,17,53,France entière
2017,femmes,18,82,France entière
2017,femmes,19,73,France entière
2017,femmes,20,78,France entière
2017,femmes,21,88,France entière
2017,femmes,22,78,France entière
2017,femmes,23,71,France entière
2017,femmes,24,74,France entière
2017,femmes,25,101,France entière
2017,femmes,26,77,France entière
2017,femmes,27,91,France entière
2017,femmes,28,102,France entière
2017,femmes,29,136,France entière
2017,femmes,30,115,France entière
2017,femmes,31,141,France entière
2017,femmes,32,125,France entière
2017,femmes,33,145,France entière
2017,femmes,34,177,France entière
2017,femmes,35,204,France entière
2017,femmes,36,201,France entière
2017,femmes,37,252,France entière
2017,femmes,38,270,France entière
2017,femmes,39,264,France entière
2017,femmes,40,281,France entière
2017,femmes,41,314,France entière
2017,femmes,42,383,France entière
2017,femmes,43,446,France entière
2017,femmes,44,484,France entière
2017,femmes,45,582,France entière
2017,femmes,46,625,France entière
2017,femmes,47,696,France entière
2017,femmes,48,769,France entière
2017,femmes,49,791,France entière
2017,femmes,50,910,France entière
2017,femmes,51,1037,France entière
2017,femmes,52,1111,France entière
2017,femmes,53,1173,France entière
2017,femmes,54,1288,France entière
2017,femmes,55,1373,France entière
2017,femmes,56,1488,France entière
2017,femmes,57,1627,France entière
2017,femmes,58,1672,France entière
2017,femmes,59,1826,France entière
2017,femmes,60,1983,France entière
2017,femmes,61,2062,France entière
2017,femmes,62,2219,France entière
2017,femmes,63,2270,France entière
2017,femmes,64,2438,France entière
2017,femmes,65,2558,France entière
2017,femmes,66,2765,France entière
2017,femmes,67,2944,France entière
2017,femmes,68,3159,France entière
2017,femmes,69,3386,France entière
2017,femmes,70,3595,France entière
2017,femmes,71,3251,France entière
2017,femmes,72,3165,France entière
2017,femmes,73,3337,France entière
2017,femmes,74,3422,France entière
2017,femmes,75,3493,France entière
2017,femmes,76,3561,France entière
2017,femmes,77,4575,France entière
2017,femmes,78,5026,France entière
2017,femmes,79,5491,France entière
2017,femmes,80,6311,France entière
2017,femmes,81,7081,France entière
2017,femmes,82,8098,France entière
2017,femmes,83,8940,France entière
2017,femmes,84,10016,France entière
2017,femmes,85,11261,France entière
2017,femmes,86,12587,France entière
2017,femmes,87,13308,France entière
2017,femmes,88,13753,France entière
2017,femmes,89,14429,France entière
2017,femmes,90,14822,France entière
2017,femmes,91,14715,France entière
2017,femmes,92,14327,France entière
2017,femmes,93,13493,France entière
2017,femmes,94,12585,France entière
2017,femmes,95,11358,France entière
2017,femmes,96,9964,France entière
2017,femmes,97,6744,France entière
2017,femmes,98,3604,France entière
2017,femmes,99,2572,France entière
2017,femmes,100,6895,France entière
2018,femmes,0,1281,France entière
2018,femmes,1,86,France entière
2018,femmes,2,56,France entière
2018,femmes,3,50,France entière
2018,femmes,4,41,France entière
2018,femmes,5,30,France entière
2018,femmes,6,39,France entière
2018,femmes,7,23,France entière
2018,femmes,8,28,France entière
2018,femmes,9,24,France entière
2018,femmes,10,36,France entière
2018,femmes,11,18,France entière
2018,femmes,12,28,France entière
2018,femmes,13,33,France entière
2018,femmes,14,31,France entière
2018,femmes,15,43,France entière
2018,femmes,16,58,France entière
2018,femmes,17,48,France entière
2018,femmes,18,75,France entière
2018,femmes,19,69,France entière
2018,femmes,20,67,France entière
2018,femmes,21,84,France entière
2018,femmes,22,73,France entière
2018,femmes,23,70,France entière
2018,femmes,24,73,France entière
2018,femmes,25,94,France entière
2018,femmes,26,91,France entière
2018,femmes,27,87,France entière
2018,femmes,28,116,France entière
2018,femmes,29,133,France entière
2018,femmes,30,109,France entière
2018,femmes,31,133,France entière
2018,femmes,32,160,France entière
2018,femmes,33,163,France entière
2018,femmes,34,177,France entière
2018,femmes,35,193,France entière
2018,femmes,36,222,France entière
2018,femmes,37,252,France entière
2018,femmes,38,236,France entière
2018,femmes,39,265,France entière
2018,femmes,40,309,France entière
2018,femmes,41,342,France entière
2018,femmes,42,357,France entière
2018,femmes,43,451,France entière
2018,femmes,44,541,France entière
2018,femmes,45,573,France entière
2018,femmes,46,632,France entière
2018,femmes,47,657,France entière
2018,femmes,48,756,France entière
2018,femmes,49,869,France entière
2018,femmes,50,896,France entière
2018,femmes,51,1009,France entière
2018,femmes,52,1037,France entière
2018,femmes,53,1201,France entière
2018,femmes,54,1260,France entière
2018,femmes,55,1353,France entière
2018,femmes,56,1547,France entière
2018,femmes,57,1635,France entière
2018,femmes,58,1639,France entière
2018,femmes,59,1866,France entière
2018,femmes,60,1928,France entière
2018,femmes,61,2000,France entière
2018,femmes,62,2172,France entière
2018,femmes,63,2291,France entière
2018,femmes,64,2401,France entière
2018,femmes,65,2602,France entière
2018,femmes,66,2799,France entière
2018,femmes,67,2958,France entière
2018,femmes,68,3221,France entière
2018,femmes,69,3299,France entière
2018,femmes,70,3571,France entière
2018,femmes,71,3802,France entière
2018,femmes,72,3515,France entière
2018,femmes,73,3249,France entière
2018,femmes,74,3673,France entière
2018,femmes,75,3740,France entière
2018,femmes,76,3795,France entière
2018,femmes,77,3898,France entière
2018,femmes,78,4890,France entière
2018,femmes,79,5548,France entière
2018,femmes,80,6139,France entière
2018,femmes,81,7018,France entière
2018,femmes,82,7634,France entière
2018,femmes,83,8754,France entière
2018,femmes,84,9760,France entière
2018,femmes,85,10888,France entière
2018,femmes,86,12176,France entière
2018,femmes,87,13363,France entière
2018,femmes,88,13598,France entière
2018,femmes,89,14251,France entière
2018,femmes,90,14573,France entière
2018,femmes,91,14412,France entière
2018,femmes,92,13946,France entière
2018,femmes,93,13425,France entière
2018,femmes,94,12338,France entière
2018,femmes,95,11098,France entière
2018,femmes,96,10044,France entière
2018,femmes,97,8296,France entière
2018,femmes,98,5651,France entière
2018,femmes,99,2729,France entière
2018,femmes,100,6740,France entière
2019,femmes,0,1234,France entière
2019,femmes,1,83,France entière
2019,femmes,2,60,France entière
2019,femmes,3,36,France entière
2019,femmes,4,30,France entière
2019,femmes,5,32,France entière
2019,femmes,6,29,France entière
2019,femmes,7,23,France entière
2019,femmes,8,16,France entière
2019,femmes,9,34,France entière
2019,femmes,10,17,France entière
2019,femmes,11,21,France entière
2019,femmes,12,32,France entière
2019,femmes,13,42,France entière
2019,femmes,14,35,France entière
2019,femmes,15,56,France entière
2019,femmes,16,56,France entière
2019,femmes,17,55,France entière
2019,femmes,18,91,France entière
2019,femmes,19,51,France entière
2019,femmes,20,71,France entière
2019,femmes,21,76,France entière
2019,femmes,22,80,France entière
2019,femmes,23,79,France entière
2019,femmes,24,73,France entière
2019,femmes,25,68,France entière
2019,femmes,26,84,France entière
2019,femmes,27,108,France entière
2019,femmes,28,115,France entière
2019,femmes,29,108,France entière
2019,femmes,30,148,France entière
2019,femmes,31,125,France entière
2019,femmes,32,138,France entière
2019,femmes,33,153,France entière
2019,femmes,34,185,France entière
2019,femmes,35,203,France entière
2019,femmes,36,203,France entière
2019,femmes,37,266,France entière
2019,femmes,38,275,France entière
2019,femmes,39,290,France entière
2019,femmes,40,293,France entière
2019,femmes,41,350,France entière
2019,femmes,42,333,France entière
2019,femmes,43,372,France entière
2019,femmes,44,440,France entière
2019,femmes,45,519,France entière
2019,femmes,46,620,France entière
2019,femmes,47,720,France entière
2019,femmes,48,732,France entière
2019,femmes,49,814,France entière
2019,femmes,50,885,France entière
2019,femmes,51,1013,France entière
2019,femmes,52,1094,France entière
2019,femmes,53,1152,France entière
2019,femmes,54,1234,France entière
2019,femmes,55,1367,France entière
2019,femmes,56,1396,France entière
2019,femmes,57,1489,France entière
2019,femmes,58,1685,France entière
2019,femmes,59,1800,France entière
2019,femmes,60,1962,France entière
2019,femmes,61,2091,France entière
2019,femmes,62,2166,France entière
2019,femmes,63,2272,France entière
2019,femmes,64,2462,France entière
2019,femmes,65,2584,France entière
2019,femmes,66,2662,France entière
2019,femmes,67,2978,France entière
2019,femmes,68,3155,France entière
2019,femmes,69,3396,France entière
2019,femmes,70,3581,France entière
2019,femmes,71,3927,France entière
2019,femmes,72,4162,France entière
2019,femmes,73,3832,France entière
2019,femmes,74,3630,France entière
2019,femmes,75,4005,France entière
2019,femmes,76,3970,France entière
2019,femmes,77,4249,France entière
2019,femmes,78,4230,France entière
2019,femmes,79,5284,France entière
2019,femmes,80,6171,France entière
2019,femmes,81,6842,France entière
2019,femmes,82,7571,France entière
2019,femmes,83,8578,France entière
2019,femmes,84,9701,France entière
2019,femmes,85,10562,France entière
2019,femmes,86,11568,France entière
2019,femmes,87,12954,France entière
2019,femmes,88,14033,France entière
2019,femmes,89,14275,France entière
2019,femmes,90,14256,France entière
2019,femmes,91,14602,France entière
2019,femmes,92,14052,France entière
2019,femmes,93,13682,France entière
2019,femmes,94,12743,France entière
2019,femmes,95,11187,France entière
2019,femmes,96,9787,France entière
2019,femmes,97,8344,France entière
2019,femmes,98,6671,France entière
2019,femmes,99,4513,France entière
2019,femmes,100,6569,France entière
2020,femmes,0,1181,France entière
2020,femmes,1,80,France entière
2020,femmes,2,60,France entière
2020,femmes,3,31,France entière
2020,femmes,4,26,France entière
2020,femmes,5,25,France entière
2020,femmes,6,23,France entière
2020,femmes,7,20,France entière
2020,femmes,8,23,France entière
2020,femmes,9,20,France entière
2020,femmes,10,23,France entière
2020,femmes,11,30,France entière
2020,femmes,12,31,France entière
2020,femmes,13,33,France entière
2020,femmes,14,34,France entière
2020,femmes,15,41,France entière
2020,femmes,16,45,France entière
2020,femmes,17,46,France entière
2020,femmes,18,87,France entière
2020,femmes,19,64,France entière
2020,femmes,20,77,France entière
2020,femmes,21,70,France entière
2020,femmes,22,88,France entière
2020,femmes,23,96,France entière
2020,femmes,24,69,France entière
2020,femmes,25,80,France entière
2020,femmes,26,68,France entière
2020,femmes,27,88,France entière
2020,femmes,28,110,France entière
2020,femmes,29,114,France entière
2020,femmes,30,142,France entière
2020,femmes,31,141,France entière
2020,femmes,32,141,France entière
2020,femmes,33,178,France entière
2020,femmes,34,164,France entière
2020,femmes,35,194,France entière
2020,femmes,36,200,France entière
2020,femmes,37,208,France entière
2020,femmes,38,244,France entière
2020,femmes,39,284,France entière
2020,femmes,40,309,France entière
2020,femmes,41,341,France entière
2020,femmes,42,353,France entière
2020,femmes,43,409,France entière
2020,femmes,44,429,France entière
2020,femmes,45,487,France entière
2020,femmes,46,564,France entière
2020,femmes,47,689,France entière
2020,femmes,48,750,France entière
2020,femmes,49,838,France entière
2020,femmes,50,918,France entière
2020,femmes,51,951,France entière
2020,femmes,52,1081,France entière
2020,femmes,53,1144,France entière
2020,femmes,54,1252,France entière
2020,femmes,55,1362,France entière
2020,femmes,56,1463,France entière
2020,femmes,57,1603,France entière
2020,femmes,58,1701,France entière
2020,femmes,59,1836,France entière
2020,femmes,60,1981,France entière
2020,femmes,61,2088,France entière
2020,femmes,62,2197,France entière
2020,femmes,63,2388,France entière
2020,femmes,64,2601,France entière
2020,femmes,65,2764,France entière
2020,femmes,66,2881,France entière
2020,femmes,67,3009,France entière
2020,femmes,68,3284,France entière
2020,femmes,69,3502,France entière
2020,femmes,70,4041,France entière
2020,femmes,71,4080,France entière
2020,femmes,72,4372,France entière
2020,femmes,73,4633,France entière
2020,femmes,74,4465,France entière
2020,femmes,75,4294,France entière
2020,femmes,76,4609,France entière
2020,femmes,77,4856,France entière
2020,femmes,78,4989,France entière
2020,femmes,79,5205,France entière
2020,femmes,80,6514,France entière
2020,femmes,81,7393,France entière
2020,femmes,82,8111,France entière
2020,femmes,83,9034,France entière
2020,femmes,84,10106,France entière
2020,femmes,85,11351,France entière
2020,femmes,86,12679,France entière
2020,femmes,87,13675,France entière
2020,femmes,88,14958,France entière
2020,femmes,89,15590,France entière
2020,femmes,90,16061,France entière
2020,femmes,91,16072,France entière
2020,femmes,92,15437,France entière
2020,femmes,93,14650,France entière
2020,femmes,94,13946,France entière
2020,femmes,95,12304,France entière
2020,femmes,96,10468,France entière
2020,femmes,97,8828,France entière
2020,femmes,98,7321,France entière
2020,femmes,99,5540,France entière
2020,femmes,100,8533,France entière
2021,femmes,0,1209,France entière
2021,femmes,1,79,France entière
2021,femmes,2,57,France entière
2021,femmes,3,39,France entière
2021,femmes,4,35,France entière
2021,femmes,5,29,France entière
2021,femmes,6,27,France entière
2021,femmes,7,18,France entière
2021,femmes,8,23,France entière
2021,femmes,9,17,France entière
2021,femmes,10,26,France entière
2021,femmes,11,21,France entière
2021,femmes,12,33,France entière
2021,femmes,13,31,France entière
2021,femmes,14,43,France entière
2021,femmes,15,47,France entière
2021,femmes,16,50,France entière
2021,femmes,17,38,France entière
2021,femmes,18,71,France entière
2021,femmes,19,85,France entière
2021,femmes,20,92,France entière
2021,femmes,21,76,France entière
2021,femmes,22,76,France entière
2021,femmes,23,70,France entière
2021,femmes,24,87,France entière
2021,femmes,25,94,France entière
2021,femmes,26,72,France entière
2021,femmes,27,92,France entière
2021,femmes,28,113,France entière
2021,femmes,29,122,France entière
2021,femmes,30,117,France entière
2021,femmes,31,127,France entière
2021,femmes,32,141,France entière
2021,femmes,33,161,France entière
2021,femmes,34,182,France entière
2021,femmes,35,223,France entière
2021,femmes,36,211,France entière
2021,femmes,37,221,France entière
2021,femmes,38,240,France entière
2021,femmes,39,294,France entière
2021,femmes,40,324,France entière
2021,femmes,41,338,France entière
2021,femmes,42,380,France entière
2021,femmes,43,400,France entière
2021,femmes,44,400,France entière
2021,femmes,45,475,France entière
2021,femmes,46,532,France entière
2021,femmes,47,577,France entière
2021,femmes,48,708,France entière
2021,femmes,49,803,France entière
2021,femmes,50,903,France entière
2021,femmes,51,1038,France entière
2021,femmes,52,1050,France entière
2021,femmes,53,1121,France entière
2021,femmes,54,1252,France entière
2021,femmes,55,1351,France entière
2021,femmes,56,1442,France entière
2021,femmes,57,1541,France entière
2021,femmes,58,1709,France entière
2021,femmes,59,1817,France entière
2021,femmes,60,1929,France entière
2021,femmes,61,2167,France entière
2021,femmes,62,2316,France entière
2021,femmes,63,2534,France entière
2021,femmes,64,2628,France entière
2021,femmes,65,2900,France entière
2021,femmes,66,3043,France entière
2021,femmes,67,3063,France entière
2021,femmes,68,3418,France entière
2021,femmes,69,3638,France entière
2021,femmes,70,4011,France entière
2021,femmes,71,4303,France entière
2021,femmes,72,4513,France entière
2021,femmes,73,4963,France entière
2021,femmes,74,5228,France entière
2021,femmes,75,4923,France entière
2021,femmes,76,4644,France entière
2021,femmes,77,5060,France entière
2021,femmes,78,5265,France entière
2021,femmes,79,5526,France entière
2021,femmes,80,5747,France entière
2021,femmes,81,7122,France entière
2021,femmes,82,7882,France entière
2021,femmes,83,8778,France entière
2021,femmes,84,9868,France entière
2021,femmes,85,10843,France entière
2021,femmes,86,11862,France entière
2021,femmes,87,12982,France entière
2021,femmes,88,14053,France entière
2021,femmes,89,14833,France entière
2021,femmes,90,15416,France entière
2021,femmes,91,15380,France entière
2021,femmes,92,14928,France entière
2021,femmes,93,14116,France entière
2021,femmes,94,12939,France entière
2021,femmes,95,11779,France entière
2021,femmes,96,10143,France entière
2021,femmes,97,8474,France entière
2021,femmes,98,6934,France entière
2021,femmes,99,5423,France entière
2021,femmes,100,9577,France entière
2022,femmes,0,1257,France entière
2022,femmes,1,93,France entière
2022,femmes,2,67,France entière
2022,femmes,3,45,France entière
2022,femmes,4,32,France entière
2022,femmes,5,42,France entière
2022,femmes,6,36,France entière
2022,femmes,7,31,France entière
2022,femmes,8,25,France entière
2022,femmes,9,30,France entière
2022,femmes,10,29,France entière
2022,femmes,11,31,France entière
2022,femmes,12,26,France entière
2022,femmes,13,54,France entière
2022,femmes,14,49,France entière
2022,femmes,15,44,France entière
2022,femmes,16,59,France entière
2022,femmes,17,73,France entière
2022,femmes,18,76,France entière
2022,femmes,19,84,France entière
2022,femmes,20,89,France entière
2022,femmes,21,95,France entière
2022,femmes,22,95,France entière
2022,femmes,23,83,France entière
2022,femmes,24,100,France entière
2022,femmes,25,108,France entière
2022,femmes,26,84,France entière
2022,femmes,27,102,France entière
2022,femmes,28,107,France entière
2022,femmes,29,119,France entière
2022,femmes,30,121,France entière
2022,femmes,31,147,France entière
2022,femmes,32,156,France entière
2022,femmes,33,184,France entière
2022,femmes,34,196,France entière
2022,femmes,35,183,France entière
2022,femmes,36,203,France entière
2022,femmes,37,242,France entière
2022,femmes,38,274,France entière
2022,femmes,39,321,France entière
2022,femmes,40,301,France entière
2022,femmes,41,369,France entière
2022,femmes,42,390,France entière
2022,femmes,43,412,France entière
2022,femmes,44,426,France entière
2022,femmes,45,474,France entière
2022,femmes,46,507,France entière
2022,femmes,47,629,France entière
2022,femmes,48,678,France entière
2022,femmes,49,776,France entière
2022,femmes,50,873,France entière
2022,femmes,51,954,France entière
2022,femmes,52,1004,France entière
2022,femmes,53,1141,France entière
2022,femmes,54,1219,France entière
2022,femmes,55,1330,France entière
2022,femmes,56,1407,France entière
2022,femmes,57,1620,France entière
2022,femmes,58,1687,France entière
2022,femmes,59,1773,France entière
2022,femmes,60,1958,France entière
2022,femmes,61,2102,France entière
2022,femmes,62,2309,France entière
2022,femmes,63,2416,France entière
2022,femmes,64,2582,France entière
2022,femmes,65,2794,France entière
2022,femmes,66,3038,France entière
2022,femmes,67,3251,France entière
2022,femmes,68,3350,France entière
2022,femmes,69,3646,France entière
2022,femmes,70,3868,France entière
2022,femmes,71,4362,France entière
2022,femmes,72,4682,France entière
2022,femmes,73,4911,France entière
2022,femmes,74,5507,France entière
2022,femmes,75,5645,France entière
2022,femmes,76,5427,France entière
2022,femmes,77,5223,France entière
2022,femmes,78,5563,France entière
2022,femmes,79,5775,France entière
2022,femmes,80,6092,France entière
2022,femmes,81,6235,France entière
2022,femmes,82,7864,France entière
2022,femmes,83,8808,France entière
2022,femmes,84,9700,France entière
2022,femmes,85,10627,France entière
2022,femmes,86,11822,France entière
2022,femmes,87,13138,France entière
2022,femmes,88,13976,France entière
2022,femmes,89,15037,France entière
2022,femmes,90,15957,France entière
2022,femmes,91,16166,France entière
2022,femmes,92,15581,France entière
2022,femmes,93,14845,France entière
2022,femmes,94,13780,France entière
2022,femmes,95,12537,France entière
2022,femmes,96,11039,France entière
2022,femmes,97,9261,France entière
2022,femmes,98,7320,France entière
2022,femmes,99,5774,France entière
2022,femmes,100,11663,France entière
2023,femmes,0,1266,France entière
2023,femmes,1,88,France entière
2023,femmes,2,60,France entière
2023,femmes,3,41,France entière
2023,femmes,4,41,France entière
2023,femmes,5,41,France entière
2023,femmes,6,23,France entière
2023,femmes,7,26,France entière
2023,femmes,8,26,France entière
2023,femmes,9,20,France entière
2023,femmes,10,36,France entière
2023,femmes,11,29,France entière
2023,femmes,12,28,France entière
2023,femmes,13,35,France entière
2023,femmes,14,40,France entière
2023,femmes,15,44,France entière
2023,femmes,16,50,France entière
2023,femmes,17,51,France entière
2023,femmes,18,79,France entière
2023,femmes,19,69,France entière
2023,femmes,20,91,France entière
2023,femmes,21,68,France entière
2023,femmes,22,92,France entière
2023,femmes,23,80,France entière
2023,femmes,24,98,France entière
2023,femmes,25,85,France entière
2023,femmes,26,88,France entière
2023,femmes,27,99,France entière
2023,femmes,28,103,France entière
2023,femmes,29,109,France entière
2023,femmes,30,99,France entière
2023,femmes,31,161,France entière
2023,femmes,32,142,France entière
2023,femmes,33,160,France entière
2023,femmes,34,170,France entière
2023,femmes,35,184,France entière
2023,femmes,36,212,France entière
2023,femmes,37,264,France entière
2023,femmes,38,284,France entière
2023,femmes,39,287,France entière
2023,femmes,40,354,France entière
2023,femmes,41,357,France entière
2023,femmes,42,368,France entière
2023,femmes,43,379,France entière
2023,femmes,44,426,France entière
2023,femmes,45,475,France entière
2023,femmes,46,485,France entière
2023,femmes,47,541,France entière
2023,femmes,48,640,France entière
2023,femmes,49,757,France entière
2023,femmes,50,860,France entière
2023,femmes,51,922,France entière
2023,femmes,52,1035,France entière
2023,femmes,53,1099,France entière
2023,femmes,54,1107,France entière
2023,femmes,55,1343,France entière
2023,femmes,56,1377,France entière
2023,femmes,57,1486,France entière
2023,femmes,58,1654,France entière
2023,femmes,59,1796,France entière
2023,femmes,60,1854,France entière
2023,femmes,61,2053,France entière
2023,femmes,62,2251,France entière
2023,femmes,63,2350,France entière
2023,femmes,64,2606,France entière
2023,femmes,65,2658,France entière
2023,femmes,66,2740,France entière
2023,femmes,67,3084,France entière
2023,femmes,68,3340,France entière
2023,femmes,69,3595,France entière
2023,femmes,70,3867,France entière
2023,femmes,71,3953,France entière
2023,femmes,72,4417,France entière
2023,femmes,73,4753,France entière
2023,femmes,74,4946,France entière
2023,femmes,75,5427,France entière
2023,femmes,76,6002,France entière
2023,femmes,77,5502,France entière
2023,femmes,78,5266,France entière
2023,femmes,79,5806,France entière
2023,femmes,80,6064,France entière
2023,femmes,81,6187,France entière
2023,femmes,82,6373,France entière
2023,femmes,83,8201,France entière
2023,femmes,84,9145,France entière
2023,femmes,85,10016,France entière
2023,femmes,86,11001,France entière
2023,femmes,87,11798,France entière
2023,femmes,88,12903,France entière
2023,femmes,89,13572,France entière
2023,femmes,90,14394,France entière
2023,femmes,91,14997,France entière
2023,femmes,92,15045,France entière
2023,femmes,93,14238,France entière
2023,femmes,94,13022,France entière
2023,femmes,95,11971,France entière
2023,femmes,96,10261,France entière
2023,femmes,97,8743,France entière
2023,femmes,98,7104,France entière
2023,femmes,99,5544,France entière
2023,femmes,100,11224,France entière
2024,femmes,0,1197,France entière
2024,femmes,1,90,France entière
2024,femmes,2,57,France entière
2024,femmes,3,31,France entière
2024,femmes,4,42,France entière
2024,femmes,5,31,France entière
2024,femmes,6,28,France entière
2024,femmes,7,32,France entière
2024,femmes,8,30,France entière
2024,femmes,9,20,France entière
2024,femmes,10,37,France entière
2024,femmes,11,27,France entière
2024,femmes,12,26,France entière
2024,femmes,13,48,France entière
2024,femmes,14,49,France entière
2024,femmes,15,59,France entière
2024,femmes,16,62,France entière
2024,femmes,17,50,France entière
2024,femmes,18,83,France entière
2024,femmes,19,94,France entière
2024,femmes,20,98,France entière
2024,femmes,21,76,France entière
2024,femmes,22,87,France entière
2024,femmes,23,85,France entière
2024,femmes,24,75,France entière
2024,femmes,25,103,France entière
2024,femmes,26,94,France entière
2024,femmes,27,95,France entière
2024,femmes,28,101,France entière
2024,femmes,29,113,France entière
2024,femmes,30,115,France entière
2024,femmes,31,119,France entière
2024,femmes,32,144,France entière
2024,femmes,33,158,France entière
2024,femmes,34,154,France entière
2024,femmes,35,167,France entière
2024,femmes,36,216,France entière
2024,femmes,37,232,France entière
2024,femmes,38,240,France entière
2024,femmes,39,283,France entière
2024,femmes,40,295,France entière
2024,femmes,41,336,France entière
2024,femmes,42,414,France entière
2024,femmes,43,384,France entière
2024,femmes,44,426,France entière
2024,femmes,45,472,France entière
2024,femmes,46,528,France entière
2024,femmes,47,565,France entière
2024,femmes,48,557,France entière
2024,femmes,49,671,France entière
2024,femmes,50,806,France entière
2024,femmes,51,918,France entière
2024,femmes,52,996,France entière
2024,femmes,53,1044,France entière
2024,femmes,54,1093,France entière
2024,femmes,55,1198,France entière
2024,femmes,56,1337,France entière
2024,femmes,57,1546,France entière
2024,femmes,58,1645,France entière
2024,femmes,59,1785,France entière
2024,femmes,60,1941,France entière
2024,femmes,61,2029,France entière
2024,femmes,62,2253,France entière
2024,femmes,63,2394,France entière
2024,femmes,64,2602,France entière
2024,femmes,65,2648,France entière
2024,femmes,66,2854,France entière
2024,femmes,67,2904,France entière
2024,femmes,68,3322,France entière
2024,femmes,69,3529,France entière
2024,femmes,70,3734,France entière
2024,femmes,71,3996,France entière
2024,femmes,72,4370,France entière
2024,femmes,73,4678,France entière
2024,femmes,74,5165,France entière
2024,femmes,75,5456,France entière
2024,femmes,76,5863,France entière
2024,femmes,77,6288,France entière
2024,femmes,78,6152,France entière
2024,femmes,79,5766,France entière
2024,femmes,80,6206,France entière
2024,femmes,81,6666,France entière
2024,femmes,82,7097,France entière
2024,femmes,83,6948,France entière
2024,femmes,84,8828,France entière
2024,femmes,85,9942,France entière
2024,femmes,86,10656,France entière
2024,femmes,87,11824,France entière
2024,femmes,88,12659,France entière
2024,femmes,89,13826,France entière
2024,femmes,90,14484,France entière
2024,femmes,91,14933,France entière
2024,femmes,92,14885,France entière
2024,femmes,93,14429,France entière
2024,femmes,94,13304,France entière
2024,femmes,95,11922,France entière
2024,femmes,96,10319,France entière
2024,femmes,97,8903,France entière
2024,femmes,98,7176,France entière
2024,femmes,99,5498,France entière
2024,femmes,100,11898,France entière
1986,hommes,0,3607,France métropolitaine
1986,hommes,1,277,France métropolitaine
1986,hommes,2,181,France métropolitaine
1986,hommes,3,153,France métropolitaine
1986,hommes,4,153,France métropolitaine
1986,hommes,5,127,France métropolitaine
1986,hommes,6,97,France métropolitaine
1986,hommes,7,111,France métropolitaine
1986,hommes,8,110,France métropolitaine
1986,hommes,9,103,France métropolitaine
1986,hommes,10,98,France métropolitaine
1986,hommes,11,106,France métropolitaine
1986,hommes,12,110,France métropolitaine
1986,hommes,13,119,France métropolitaine
1986,hommes,14,179,France métropolitaine
1986,hommes,15,215,France métropolitaine
1986,hommes,16,305,France métropolitaine
1986,hommes,17,425,France métropolitaine
1986,hommes,18,536,France métropolitaine
1986,hommes,19,611,France métropolitaine
1986,hommes,20,691,France métropolitaine
1986,hommes,21,676,France métropolitaine
1986,hommes,22,730,France métropolitaine
1986,hommes,23,695,France métropolitaine
1986,hommes,24,626,France métropolitaine
1986,hommes,25,642,France métropolitaine
1986,hommes,26,671,France métropolitaine
1986,hommes,27,636,France métropolitaine
1986,hommes,28,633,France métropolitaine
1986,hommes,29,640,France métropolitaine
1986,hommes,30,678,France métropolitaine
1986,hommes,31,719,France métropolitaine
1986,hommes,32,726,France métropolitaine
1986,hommes,33,839,France métropolitaine
1986,hommes,34,798,France métropolitaine
1986,hommes,35,867,France métropolitaine
1986,hommes,36,945,France métropolitaine
1986,hommes,37,1058,France métropolitaine
1986,hommes,38,1096,France métropolitaine
1986,hommes,39,1172,France métropolitaine
1986,hommes,40,1113,France métropolitaine
1986,hommes,41,1032,France métropolitaine
1986,hommes,42,1180,France métropolitaine
1986,hommes,43,1165,France métropolitaine
1986,hommes,44,1222,France métropolitaine
1986,hommes,45,1212,France métropolitaine
1986,hommes,46,1474,France métropolitaine
1986,hommes,47,1604,France métropolitaine
1986,hommes,48,1780,France métropolitaine
1986,hommes,49,1994,France métropolitaine
1986,hommes,50,2140,France métropolitaine
1986,hommes,51,2453,France métropolitaine
1986,hommes,52,2904,France métropolitaine
1986,hommes,53,3099,France métropolitaine
1986,hommes,54,3366,France métropolitaine
1986,hommes,55,3753,France métropolitaine
1986,hommes,56,3882,France métropolitaine
1986,hommes,57,4020,France métropolitaine
1986,hommes,58,4212,France métropolitaine
1986,hommes,59,4441,France métropolitaine
1986,hommes,60,4823,France métropolitaine
1986,hommes,61,4952,France métropolitaine
1986,hommes,62,5196,France métropolitaine
1986,hommes,63,5471,France métropolitaine
1986,hommes,64,5812,France métropolitaine
1986,hommes,65,6296,France métropolitaine
1986,hommes,66,5856,France métropolitaine
1986,hommes,67,3693,France métropolitaine
1986,hommes,68,3895,France métropolitaine
1986,hommes,69,3662,France métropolitaine
1986,hommes,70,3887,France métropolitaine
1986,hommes,71,6450,France métropolitaine
1986,hommes,72,7742,France métropolitaine
1986,hommes,73,8278,France métropolitaine
1986,hommes,74,8036,France métropolitaine
1986,hommes,75,8581,France métropolitaine
1986,hommes,76,9110,France métropolitaine
1986,hommes,77,9439,France métropolitaine
1986,hommes,78,9441,France métropolitaine
1986,hommes,79,9531,France métropolitaine
1986,hommes,80,9153,France métropolitaine
1986,hommes,81,9044,France métropolitaine
1986,hommes,82,8824,France métropolitaine
1986,hommes,83,8555,France métropolitaine
1986,hommes,84,8133,France métropolitaine
1986,hommes,85,7225,France métropolitaine
1986,hommes,86,6289,France métropolitaine
1986,hommes,87,5380,France métropolitaine
1986,hommes,88,4516,France métropolitaine
1986,hommes,89,3746,France métropolitaine
1986,hommes,90,2931,France métropolitaine
1986,hommes,91,2268,France métropolitaine
1986,hommes,92,1756,France métropolitaine
1986,hommes,93,1339,France métropolitaine
1986,hommes,94,1039,France métropolitaine
1986,hommes,95,733,France métropolitaine
1986,hommes,96,526,France métropolitaine
1986,hommes,97,365,France métropolitaine
1986,hommes,98,198,France métropolitaine
1986,hommes,99,156,France métropolitaine
1986,hommes,100,245,France métropolitaine
1987,hommes,0,3572,France métropolitaine
1987,hommes,1,272,France métropolitaine
1987,hommes,2,177,France métropolitaine
1987,hommes,3,138,France métropolitaine
1987,hommes,4,122,France métropolitaine
1987,hommes,5,125,France métropolitaine
1987,hommes,6,106,France métropolitaine
1987,hommes,7,109,France métropolitaine
1987,hommes,8,97,France métropolitaine
1987,hommes,9,84,France métropolitaine
1987,hommes,10,90,France métropolitaine
1987,hommes,11,81,France métropolitaine
1987,hommes,12,110,France métropolitaine
1987,hommes,13,121,France métropolitaine
1987,hommes,14,160,France métropolitaine
1987,hommes,15,203,France métropolitaine
1987,hommes,16,282,France métropolitaine
1987,hommes,17,367,France métropolitaine
1987,hommes,18,485,France métropolitaine
1987,hommes,19,571,France métropolitaine
1987,hommes,20,640,France métropolitaine
1987,hommes,21,619,France métropolitaine
1987,hommes,22,647,France métropolitaine
1987,hommes,23,698,France métropolitaine
1987,hommes,24,599,France métropolitaine
1987,hommes,25,627,France métropolitaine
1987,hommes,26,634,France métropolitaine
1987,hommes,27,639,France métropolitaine
1987,hommes,28,673,France métropolitaine
1987,hommes,29,661,France métropolitaine
1987,hommes,30,673,France métropolitaine
1987,hommes,31,755,France métropolitaine
1987,hommes,32,725,France métropolitaine
1987,hommes,33,715,France métropolitaine
1987,hommes,34,806,France métropolitaine
1987,hommes,35,881,France métropolitaine
1987,hommes,36,962,France métropolitaine
1987,hommes,37,976,France métropolitaine
1987,hommes,38,1095,France métropolitaine
1987,hommes,39,1149,France métropolitaine
1987,hommes,40,1221,France métropolitaine
1987,hommes,41,1168,France métropolitaine
1987,hommes,42,1160,France métropolitaine
1987,hommes,43,1188,France métropolitaine
1987,hommes,44,1252,France métropolitaine
1987,hommes,45,1230,France métropolitaine
1987,hommes,46,1220,France métropolitaine
1987,hommes,47,1530,France métropolitaine
1987,hommes,48,1736,France métropolitaine
1987,hommes,49,1948,France métropolitaine
1987,hommes,50,2089,France métropolitaine
1987,hommes,51,2343,France métropolitaine
1987,hommes,52,2542,France métropolitaine
1987,hommes,53,2841,France métropolitaine
1987,hommes,54,3149,France métropolitaine
1987,hommes,55,3436,France métropolitaine
1987,hommes,56,3721,France métropolitaine
1987,hommes,57,3809,France métropolitaine
1987,hommes,58,4162,France métropolitaine
1987,hommes,59,4377,France métropolitaine
1987,hommes,60,4610,France métropolitaine
1987,hommes,61,4811,France métropolitaine
1987,hommes,62,5080,France métropolitaine
1987,hommes,63,5247,France métropolitaine
1987,hommes,64,5581,France métropolitaine
1987,hommes,65,6030,France métropolitaine
1987,hommes,66,6438,France métropolitaine
1987,hommes,67,5907,France métropolitaine
1987,hommes,68,3918,France métropolitaine
1987,hommes,69,3771,France métropolitaine
1987,hommes,70,3707,France métropolitaine
1987,hommes,71,3874,France métropolitaine
1987,hommes,72,6619,France métropolitaine
1987,hommes,73,7682,France métropolitaine
1987,hommes,74,8183,France métropolitaine
1987,hommes,75,8195,France métropolitaine
1987,hommes,76,8514,France métropolitaine
1987,hommes,77,8848,France métropolitaine
1987,hommes,78,9053,France métropolitaine
1987,hommes,79,8982,France métropolitaine
1987,hommes,80,9058,France métropolitaine
1987,hommes,81,8977,France métropolitaine
1987,hommes,82,8470,France métropolitaine
1987,hommes,83,8117,France métropolitaine
1987,hommes,84,7786,France métropolitaine
1987,hommes,85,7210,France métropolitaine
1987,hommes,86,6408,France métropolitaine
1987,hommes,87,5573,France métropolitaine
1987,hommes,88,4350,France métropolitaine
1987,hommes,89,3780,France métropolitaine
1987,hommes,90,3164,France métropolitaine
1987,hommes,91,2350,France métropolitaine
1987,hommes,92,1800,France métropolitaine
1987,hommes,93,1404,France métropolitaine
1987,hommes,94,1056,France métropolitaine
1987,hommes,95,700,France métropolitaine
1987,hommes,96,544,France métropolitaine
1987,hommes,97,355,France métropolitaine
1987,hommes,98,242,France métropolitaine
1987,hommes,99,171,France métropolitaine
1987,hommes,100,227,France métropolitaine
1988,hommes,0,3532,France métropolitaine
1988,hommes,1,289,France métropolitaine
1988,hommes,2,184,France métropolitaine
1988,hommes,3,142,France métropolitaine
1988,hommes,4,111,France métropolitaine
1988,hommes,5,116,France métropolitaine
1988,hommes,6,95,France métropolitaine
1988,hommes,7,91,France métropolitaine
1988,hommes,8,97,France métropolitaine
1988,hommes,9,84,France métropolitaine
1988,hommes,10,65,France métropolitaine
1988,hommes,11,88,France métropolitaine
1988,hommes,12,97,France métropolitaine
1988,hommes,13,113,France métropolitaine
1988,hommes,14,131,France métropolitaine
1988,hommes,15,205,France métropolitaine
1988,hommes,16,294,France métropolitaine
1988,hommes,17,389,France métropolitaine
1988,hommes,18,538,France métropolitaine
1988,hommes,19,582,France métropolitaine
1988,hommes,20,617,France métropolitaine
1988,hommes,21,646,France métropolitaine
1988,hommes,22,693,France métropolitaine
1988,hommes,23,668,France métropolitaine
1988,hommes,24,666,France métropolitaine
1988,hommes,25,650,France métropolitaine
1988,hommes,26,592,France métropolitaine
1988,hommes,27,644,France métropolitaine
1988,hommes,28,652,France métropolitaine
1988,hommes,29,658,France métropolitaine
1988,hommes,30,682,France métropolitaine
1988,hommes,31,679,France métropolitaine
1988,hommes,32,767,France métropolitaine
1988,hommes,33,807,France métropolitaine
1988,hommes,34,839,France métropolitaine
1988,hommes,35,894,France métropolitaine
1988,hommes,36,941,France métropolitaine
1988,hommes,37,1022,France métropolitaine
1988,hommes,38,1048,France métropolitaine
1988,hommes,39,1210,France métropolitaine
1988,hommes,40,1247,France métropolitaine
1988,hommes,41,1312,France métropolitaine
1988,hommes,42,1269,France métropolitaine
1988,hommes,43,1221,France métropolitaine
1988,hommes,44,1309,France métropolitaine
1988,hommes,45,1332,France métropolitaine
1988,hommes,46,1270,France métropolitaine
1988,hommes,47,1305,France métropolitaine
1988,hommes,48,1674,France métropolitaine
1988,hommes,49,1782,France métropolitaine
1988,hommes,50,2035,France métropolitaine
1988,hommes,51,2246,France métropolitaine
1988,hommes,52,2389,France métropolitaine
1988,hommes,53,2643,France métropolitaine
1988,hommes,54,2986,France métropolitaine
1988,hommes,55,3303,France métropolitaine
1988,hommes,56,3615,France métropolitaine
1988,hommes,57,4005,France métropolitaine
1988,hommes,58,4073,France métropolitaine
1988,hommes,59,4248,France métropolitaine
1988,hommes,60,4653,France métropolitaine
1988,hommes,61,4786,France métropolitaine
1988,hommes,62,4853,France métropolitaine
1988,hommes,63,5208,France métropolitaine
1988,hommes,64,5269,France métropolitaine
1988,hommes,65,5581,France métropolitaine
1988,hommes,66,6128,France métropolitaine
1988,hommes,67,6438,France métropolitaine
1988,hommes,68,6092,France métropolitaine
1988,hommes,69,3764,France métropolitaine
1988,hommes,70,3991,France métropolitaine
1988,hommes,71,3778,France métropolitaine
1988,hommes,72,3884,France métropolitaine
1988,hommes,73,6480,France métropolitaine
1988,hommes,74,7760,France métropolitaine
1988,hommes,75,8344,France métropolitaine
1988,hommes,76,8275,France métropolitaine
1988,hommes,77,8523,France métropolitaine
1988,hommes,78,9017,France métropolitaine
1988,hommes,79,8867,France métropolitaine
1988,hommes,80,8911,France métropolitaine
1988,hommes,81,8816,France métropolitaine
1988,hommes,82,8546,France métropolitaine
1988,hommes,83,8070,France métropolitaine
1988,hommes,84,7630,France métropolitaine
1988,hommes,85,7352,France métropolitaine
1988,hommes,86,6456,France métropolitaine
1988,hommes,87,5661,France métropolitaine
1988,hommes,88,4948,France métropolitaine
1988,hommes,89,3955,France métropolitaine
1988,hommes,90,3278,France métropolitaine
1988,hommes,91,2617,France métropolitaine
1988,hommes,92,1921,France métropolitaine
1988,hommes,93,1384,France métropolitaine
1988,hommes,94,1030,France métropolitaine
1988,hommes,95,730,France métropolitaine
1988,hommes,96,531,France métropolitaine
1988,hommes,97,377,France métropolitaine
1988,hommes,98,263,France métropolitaine
1988,hommes,99,172,France métropolitaine
1988,hommes,100,235,France métropolitaine
1989,hommes,0,3378,France métropolitaine
1989,hommes,1,268,France métropolitaine
1989,hommes,2,162,France métropolitaine
1989,hommes,3,156,France métropolitaine
1989,hommes,4,103,France métropolitaine
1989,hommes,5,93,France métropolitaine
1989,hommes,6,116,France métropolitaine
1989,hommes,7,88,France métropolitaine
1989,hommes,8,81,France métropolitaine
1989,hommes,9,93,France métropolitaine
1989,hommes,10,80,France métropolitaine
1989,hommes,11,82,France métropolitaine
1989,hommes,12,84,France métropolitaine
1989,hommes,13,101,France métropolitaine
1989,hommes,14,152,France métropolitaine
1989,hommes,15,195,France métropolitaine
1989,hommes,16,279,France métropolitaine
1989,hommes,17,401,France métropolitaine
1989,hommes,18,514,France métropolitaine
1989,hommes,19,589,France métropolitaine
1989,hommes,20,608,France métropolitaine
1989,hommes,21,680,France métropolitaine
1989,hommes,22,693,France métropolitaine
1989,hommes,23,688,France métropolitaine
1989,hommes,24,673,France métropolitaine
1989,hommes,25,704,France métropolitaine
1989,hommes,26,690,France métropolitaine
1989,hommes,27,671,France métropolitaine
1989,hommes,28,676,France métropolitaine
1989,hommes,29,694,France métropolitaine
1989,hommes,30,736,France métropolitaine
1989,hommes,31,701,France métropolitaine
1989,hommes,32,771,France métropolitaine
1989,hommes,33,798,France métropolitaine
1989,hommes,34,909,France métropolitaine
1989,hommes,35,871,France métropolitaine
1989,hommes,36,926,France métropolitaine
1989,hommes,37,1048,France métropolitaine
1989,hommes,38,1093,France métropolitaine
1989,hommes,39,1112,France métropolitaine
1989,hommes,40,1247,France métropolitaine
1989,hommes,41,1426,France métropolitaine
1989,hommes,42,1445,France métropolitaine
1989,hommes,43,1430,France métropolitaine
1989,hommes,44,1319,France métropolitaine
1989,hommes,45,1330,France métropolitaine
1989,hommes,46,1383,France métropolitaine
1989,hommes,47,1374,France métropolitaine
1989,hommes,48,1464,France métropolitaine
1989,hommes,49,1827,France métropolitaine
1989,hommes,50,1957,France métropolitaine
1989,hommes,51,2212,France métropolitaine
1989,hommes,52,2314,France métropolitaine
1989,hommes,53,2618,France métropolitaine
1989,hommes,54,2909,France métropolitaine
1989,hommes,55,3124,France métropolitaine
1989,hommes,56,3328,France métropolitaine
1989,hommes,57,3718,France métropolitaine
1989,hommes,58,4142,France métropolitaine
1989,hommes,59,4297,France métropolitaine
1989,hommes,60,4470,France métropolitaine
1989,hommes,61,4806,France métropolitaine
1989,hommes,62,4895,France métropolitaine
1989,hommes,63,5122,France métropolitaine
1989,hommes,64,5561,France métropolitaine
1989,hommes,65,5605,France métropolitaine
1989,hommes,66,5811,France métropolitaine
1989,hommes,67,6317,France métropolitaine
1989,hommes,68,6777,France métropolitaine
1989,hommes,69,6308,France métropolitaine
1989,hommes,70,4042,France métropolitaine
1989,hommes,71,4019,France métropolitaine
1989,hommes,72,3775,France métropolitaine
1989,hommes,73,4099,France métropolitaine
1989,hommes,74,6696,France métropolitaine
1989,hommes,75,7938,France métropolitaine
1989,hommes,76,8495,France métropolitaine
1989,hommes,77,8557,France métropolitaine
1989,hommes,78,8633,France métropolitaine
1989,hommes,79,9109,France métropolitaine
1989,hommes,80,8839,France métropolitaine
1989,hommes,81,8836,France métropolitaine
1989,hommes,82,8639,France métropolitaine
1989,hommes,83,8268,France métropolitaine
1989,hommes,84,7781,France métropolitaine
1989,hommes,85,7315,France métropolitaine
1989,hommes,86,6699,France métropolitaine
1989,hommes,87,6165,France métropolitaine
1989,hommes,88,5306,France métropolitaine
1989,hommes,89,4312,France métropolitaine
1989,hommes,90,3505,France métropolitaine
1989,hommes,91,2767,France métropolitaine
1989,hommes,92,2103,France métropolitaine
1989,hommes,93,1522,France métropolitaine
1989,hommes,94,1046,France métropolitaine
1989,hommes,95,860,France métropolitaine
1989,hommes,96,598,France métropolitaine
1989,hommes,97,368,France métropolitaine
1989,hommes,98,255,France métropolitaine
1989,hommes,99,186,France métropolitaine
1989,hommes,100,237,France métropolitaine
1990,hommes,0,3284,France métropolitaine
1990,hommes,1,269,France métropolitaine
1990,hommes,2,184,France métropolitaine
1990,hommes,3,134,France métropolitaine
1990,hommes,4,109,France métropolitaine
1990,hommes,5,91,France métropolitaine
1990,hommes,6,89,France métropolitaine
1990,hommes,7,72,France métropolitaine
1990,hommes,8,77,France métropolitaine
1990,hommes,9,82,France métropolitaine
1990,hommes,10,88,France métropolitaine
1990,hommes,11,75,France métropolitaine
1990,hommes,12,88,France métropolitaine
1990,hommes,13,69,France métropolitaine
1990,hommes,14,121,France métropolitaine
1990,hommes,15,204,France métropolitaine
1990,hommes,16,249,France métropolitaine
1990,hommes,17,375,France métropolitaine
1990,hommes,18,522,France métropolitaine
1990,hommes,19,593,France métropolitaine
1990,hommes,20,583,France métropolitaine
1990,hommes,21,682,France métropolitaine
1990,hommes,22,683,France métropolitaine
1990,hommes,23,673,France métropolitaine
1990,hommes,24,677,France métropolitaine
1990,hommes,25,673,France métropolitaine
1990,hommes,26,705,France métropolitaine
1990,hommes,27,704,France métropolitaine
1990,hommes,28,677,France métropolitaine
1990,hommes,29,772,France métropolitaine
1990,hommes,30,722,France métropolitaine
1990,hommes,31,819,France métropolitaine
1990,hommes,32,754,France métropolitaine
1990,hommes,33,842,France métropolitaine
1990,hommes,34,872,France métropolitaine
1990,hommes,35,905,France métropolitaine
1990,hommes,36,975,France métropolitaine
1990,hommes,37,1027,France métropolitaine
1990,hommes,38,1174,France métropolitaine
1990,hommes,39,1154,France métropolitaine
1990,hommes,40,1327,France métropolitaine
1990,hommes,41,1397,France métropolitaine
1990,hommes,42,1500,France métropolitaine
1990,hommes,43,1590,France métropolitaine
1990,hommes,44,1514,France métropolitaine
1990,hommes,45,1406,France métropolitaine
1990,hommes,46,1501,France métropolitaine
1990,hommes,47,1525,France métropolitaine
1990,hommes,48,1496,France métropolitaine
1990,hommes,49,1450,France métropolitaine
1990,hommes,50,1897,France métropolitaine
1990,hommes,51,1985,France métropolitaine
1990,hommes,52,2222,France métropolitaine
1990,hommes,53,2507,France métropolitaine
1990,hommes,54,2646,France métropolitaine
1990,hommes,55,3081,France métropolitaine
1990,hommes,56,3167,France métropolitaine
1990,hommes,57,3429,France métropolitaine
1990,hommes,58,3805,France métropolitaine
1990,hommes,59,4167,France métropolitaine
1990,hommes,60,4347,France métropolitaine
1990,hommes,61,4605,France métropolitaine
1990,hommes,62,4894,France métropolitaine
1990,hommes,63,5139,France métropolitaine
1990,hommes,64,5343,France métropolitaine
1990,hommes,65,5510,France métropolitaine
1990,hommes,66,5646,France métropolitaine
1990,hommes,67,5927,France métropolitaine
1990,hommes,68,6460,France métropolitaine
1990,hommes,69,6770,France métropolitaine
1990,hommes,70,6237,France métropolitaine
1990,hommes,71,4221,France métropolitaine
1990,hommes,72,4248,France métropolitaine
1990,hommes,73,3941,France métropolitaine
1990,hommes,74,4123,France métropolitaine
1990,hommes,75,6886,France métropolitaine
1990,hommes,76,8132,France métropolitaine
1990,hommes,77,8589,France métropolitaine
1990,hommes,78,8602,France métropolitaine
1990,hommes,79,8437,France métropolitaine
1990,hommes,80,8784,France métropolitaine
1990,hommes,81,9003,France métropolitaine
1990,hommes,82,8648,France métropolitaine
1990,hommes,83,8394,France métropolitaine
1990,hommes,84,8014,France métropolitaine
1990,hommes,85,7301,France métropolitaine
1990,hommes,86,6806,France métropolitaine
1990,hommes,87,6238,France métropolitaine
1990,hommes,88,5664,France métropolitaine
1990,hommes,89,4661,France métropolitaine
1990,hommes,90,3735,France métropolitaine
1990,hommes,91,3014,France métropolitaine
1990,hommes,92,2279,France métropolitaine
1990,hommes,93,1806,France métropolitaine
1990,hommes,94,1201,France métropolitaine
1990,hommes,95,833,France métropolitaine
1990,hommes,96,601,France métropolitaine
1990,hommes,97,419,France métropolitaine
1990,hommes,98,259,France métropolitaine
1990,hommes,99,204,France métropolitaine
1990,hommes,100,283,France métropolitaine
1991,hommes,0,3242,France métropolitaine
1991,hommes,1,279,France métropolitaine
1991,hommes,2,146,France métropolitaine
1991,hommes,3,121,France métropolitaine
1991,hommes,4,110,France métropolitaine
1991,hommes,5,90,France métropolitaine
1991,hommes,6,109,France métropolitaine
1991,hommes,7,75,France métropolitaine
1991,hommes,8,77,France métropolitaine
1991,hommes,9,79,France métropolitaine
1991,hommes,10,86,France métropolitaine
1991,hommes,11,91,France métropolitaine
1991,hommes,12,91,France métropolitaine
1991,hommes,13,105,France métropolitaine
1991,hommes,14,114,France métropolitaine
1991,hommes,15,163,France métropolitaine
1991,hommes,16,246,France métropolitaine
1991,hommes,17,331,France métropolitaine
1991,hommes,18,492,France métropolitaine
1991,hommes,19,579,France métropolitaine
1991,hommes,20,660,France métropolitaine
1991,hommes,21,638,France métropolitaine
1991,hommes,22,652,France métropolitaine
1991,hommes,23,664,France métropolitaine
1991,hommes,24,681,France métropolitaine
1991,hommes,25,695,France métropolitaine
1991,hommes,26,744,France métropolitaine
1991,hommes,27,729,France métropolitaine
1991,hommes,28,761,France métropolitaine
1991,hommes,29,757,France métropolitaine
1991,hommes,30,816,France métropolitaine
1991,hommes,31,847,France métropolitaine
1991,hommes,32,863,France métropolitaine
1991,hommes,33,849,France métropolitaine
1991,hommes,34,856,France métropolitaine
1991,hommes,35,950,France métropolitaine
1991,hommes,36,982,France métropolitaine
1991,hommes,37,1059,France métropolitaine
1991,hommes,38,1109,France métropolitaine
1991,hommes,39,1200,France métropolitaine
1991,hommes,40,1360,France métropolitaine
1991,hommes,41,1497,France métropolitaine
1991,hommes,42,1538,France métropolitaine
1991,hommes,43,1620,France métropolitaine
1991,hommes,44,1772,France métropolitaine
1991,hommes,45,1593,France métropolitaine
1991,hommes,46,1466,France métropolitaine
1991,hommes,47,1578,France métropolitaine
1991,hommes,48,1656,France métropolitaine
1991,hommes,49,1626,France métropolitaine
1991,hommes,50,1524,France métropolitaine
1991,hommes,51,1989,France métropolitaine
1991,hommes,52,2170,France métropolitaine
1991,hommes,53,2273,France métropolitaine
1991,hommes,54,2626,France métropolitaine
1991,hommes,55,2767,France métropolitaine
1991,hommes,56,3043,France métropolitaine
1991,hommes,57,3245,France métropolitaine
1991,hommes,58,3706,France métropolitaine
1991,hommes,59,4014,France métropolitaine
1991,hommes,60,4547,France métropolitaine
1991,hommes,61,4641,France métropolitaine
1991,hommes,62,4846,France métropolitaine
1991,hommes,63,5006,France métropolitaine
1991,hommes,64,5280,France métropolitaine
1991,hommes,65,5354,France métropolitaine
1991,hommes,66,5694,France métropolitaine
1991,hommes,67,5991,France métropolitaine
1991,hommes,68,6242,France métropolitaine
1991,hommes,69,6739,France métropolitaine
1991,hommes,70,7200,France métropolitaine
1991,hommes,71,6636,France métropolitaine
1991,hommes,72,4292,France métropolitaine
1991,hommes,73,4233,France métropolitaine
1991,hommes,74,4058,France métropolitaine
1991,hommes,75,4181,France métropolitaine
1991,hommes,76,6936,France métropolitaine
1991,hommes,77,8203,France métropolitaine
1991,hommes,78,8856,France métropolitaine
1991,hommes,79,8614,France métropolitaine
1991,hommes,80,8657,France métropolitaine
1991,hommes,81,8855,France métropolitaine
1991,hommes,82,8629,France métropolitaine
1991,hommes,83,8479,France métropolitaine
1991,hommes,84,7910,France métropolitaine
1991,hommes,85,7423,France métropolitaine
1991,hommes,86,6832,France métropolitaine
1991,hommes,87,6180,France métropolitaine
1991,hommes,88,5593,France métropolitaine
1991,hommes,89,4914,France métropolitaine
1991,hommes,90,3904,France métropolitaine
1991,hommes,91,3200,France métropolitaine
1991,hommes,92,2411,France métropolitaine
1991,hommes,93,1807,France métropolitaine
1991,hommes,94,1370,France métropolitaine
1991,hommes,95,886,France métropolitaine
1991,hommes,96,608,France métropolitaine
1991,hommes,97,438,France métropolitaine
1991,hommes,98,268,France métropolitaine
1991,hommes,99,173,France métropolitaine
1991,hommes,100,273,France métropolitaine
1992,hommes,0,3012,France métropolitaine
1992,hommes,1,231,France métropolitaine
1992,hommes,2,151,France métropolitaine
1992,hommes,3,126,France métropolitaine
1992,hommes,4,106,France métropolitaine
1992,hommes,5,96,France métropolitaine
1992,hommes,6,72,France métropolitaine
1992,hommes,7,68,France métropolitaine
1992,hommes,8,79,France métropolitaine
1992,hommes,9,59,France métropolitaine
1992,hommes,10,69,France métropolitaine
1992,hommes,11,94,France métropolitaine
1992,hommes,12,71,France métropolitaine
1992,hommes,13,96,France métropolitaine
1992,hommes,14,122,France métropolitaine
1992,hommes,15,149,France métropolitaine
1992,hommes,16,198,France métropolitaine
1992,hommes,17,310,France métropolitaine
1992,hommes,18,486,France métropolitaine
1992,hommes,19,551,France métropolitaine
1992,hommes,20,567,France métropolitaine
1992,hommes,21,666,France métropolitaine
1992,hommes,22,622,France métropolitaine
1992,hommes,23,643,France métropolitaine
1992,hommes,24,627,France métropolitaine
1992,hommes,25,661,France métropolitaine
1992,hommes,26,679,France métropolitaine
1992,hommes,27,718,France métropolitaine
1992,hommes,28,791,France métropolitaine
1992,hommes,29,748,France métropolitaine
1992,hommes,30,805,France métropolitaine
1992,hommes,31,879,France métropolitaine
1992,hommes,32,835,France métropolitaine
1992,hommes,33,874,France métropolitaine
1992,hommes,34,928,France métropolitaine
1992,hommes,35,1008,France métropolitaine
1992,hommes,36,1018,France métropolitaine
1992,hommes,37,1024,France métropolitaine
1992,hommes,38,1087,France métropolitaine
1992,hommes,39,1215,France métropolitaine
1992,hommes,40,1292,France métropolitaine
1992,hommes,41,1383,France métropolitaine
1992,hommes,42,1491,France métropolitaine
1992,hommes,43,1702,France métropolitaine
1992,hommes,44,1861,France métropolitaine
1992,hommes,45,1838,France métropolitaine
1992,hommes,46,1702,France métropolitaine
1992,hommes,47,1606,France métropolitaine
1992,hommes,48,1696,France métropolitaine
1992,hommes,49,1748,France métropolitaine
1992,hommes,50,1779,France métropolitaine
1992,hommes,51,1683,France métropolitaine
1992,hommes,52,2063,France métropolitaine
1992,hommes,53,2285,France métropolitaine
1992,hommes,54,2455,France métropolitaine
1992,hommes,55,2701,France métropolitaine
1992,hommes,56,2883,France métropolitaine
1992,hommes,57,3202,France métropolitaine
1992,hommes,58,3506,France métropolitaine
1992,hommes,59,3800,France métropolitaine
1992,hommes,60,4237,France métropolitaine
1992,hommes,61,4667,France métropolitaine
1992,hommes,62,4730,France métropolitaine
1992,hommes,63,4934,France métropolitaine
1992,hommes,64,5249,France métropolitaine
1992,hommes,65,5457,France métropolitaine
1992,hommes,66,5671,France métropolitaine
1992,hommes,67,5932,France métropolitaine
1992,hommes,68,6306,France métropolitaine
1992,hommes,69,6288,France métropolitaine
1992,hommes,70,7138,France métropolitaine
1992,hommes,71,7343,France métropolitaine
1992,hommes,72,6870,France métropolitaine
1992,hommes,73,4471,France métropolitaine
1992,hommes,74,4494,France métropolitaine
1992,hommes,75,4107,France métropolitaine
1992,hommes,76,4281,France métropolitaine
1992,hommes,77,7227,France métropolitaine
1992,hommes,78,8351,France métropolitaine
1992,hommes,79,8733,France métropolitaine
1992,hommes,80,8578,France métropolitaine
1992,hommes,81,8462,France métropolitaine
1992,hommes,82,8720,France métropolitaine
1992,hommes,83,8457,France métropolitaine
1992,hommes,84,8069,France métropolitaine
1992,hommes,85,7359,France métropolitaine
1992,hommes,86,7044,France métropolitaine
1992,hommes,87,6179,France métropolitaine
1992,hommes,88,5482,France métropolitaine
1992,hommes,89,5001,France métropolitaine
1992,hommes,90,4216,France métropolitaine
1992,hommes,91,3242,France métropolitaine
1992,hommes,92,2667,France métropolitaine
1992,hommes,93,2000,France métropolitaine
1992,hommes,94,1390,France métropolitaine
1992,hommes,95,1078,France métropolitaine
1992,hommes,96,636,France métropolitaine
1992,hommes,97,432,France métropolitaine
1992,hommes,98,270,France métropolitaine
1992,hommes,100,521,France métropolitaine
1993,hommes,0,2732,France métropolitaine
1993,hommes,1,251,France métropolitaine
1993,hommes,2,116,France métropolitaine
1993,hommes,3,130,France métropolitaine
1993,hommes,4,92,France métropolitaine
1993,hommes,5,89,France métropolitaine
1993,hommes,6,67,France métropolitaine
1993,hommes,7,74,France métropolitaine
1993,hommes,8,79,France métropolitaine
1993,hommes,9,71,France métropolitaine
1993,hommes,10,74,France métropolitaine
1993,hommes,11,86,France métropolitaine
1993,hommes,12,80,France métropolitaine
1993,hommes,13,94,France métropolitaine
1993,hommes,14,120,France métropolitaine
1993,hommes,15,177,France métropolitaine
1993,hommes,16,224,France métropolitaine
1993,hommes,17,287,France métropolitaine
1993,hommes,18,393,France métropolitaine
1993,hommes,19,508,France métropolitaine
1993,hommes,20,630,France métropolitaine
1993,hommes,21,630,France métropolitaine
1993,hommes,22,658,France métropolitaine
1993,hommes,23,601,France métropolitaine
1993,hommes,24,596,France métropolitaine
1993,hommes,25,616,France métropolitaine
1993,hommes,26,637,France métropolitaine
1993,hommes,27,679,France métropolitaine
1993,hommes,28,737,France métropolitaine
1993,hommes,29,839,France métropolitaine
1993,hommes,30,830,France métropolitaine
1993,hommes,31,822,France métropolitaine
1993,hommes,32,853,France métropolitaine
1993,hommes,33,890,France métropolitaine
1993,hommes,34,967,France métropolitaine
1993,hommes,35,993,France métropolitaine
1993,hommes,36,1086,France métropolitaine
1993,hommes,37,1034,France métropolitaine
1993,hommes,38,1179,France métropolitaine
1993,hommes,39,1151,France métropolitaine
1993,hommes,40,1291,France métropolitaine
1993,hommes,41,1393,France métropolitaine
1993,hommes,42,1513,France métropolitaine
1993,hommes,43,1764,France métropolitaine
1993,hommes,44,1706,France métropolitaine
1993,hommes,45,1801,France métropolitaine
1993,hommes,46,1949,France métropolitaine
1993,hommes,47,1878,France métropolitaine
1993,hommes,48,1789,France métropolitaine
1993,hommes,49,1807,France métropolitaine
1993,hommes,50,1746,France métropolitaine
1993,hommes,51,1869,France métropolitaine
1993,hommes,52,1770,France métropolitaine
1993,hommes,53,2197,France métropolitaine
1993,hommes,54,2436,France métropolitaine
1993,hommes,55,2633,France métropolitaine
1993,hommes,56,2851,France métropolitaine
1993,hommes,57,3070,France métropolitaine
1993,hommes,58,3407,France métropolitaine
1993,hommes,59,3732,France métropolitaine
1993,hommes,60,4156,France métropolitaine
1993,hommes,61,4477,France métropolitaine
1993,hommes,62,4742,France métropolitaine
1993,hommes,63,4960,France métropolitaine
1993,hommes,64,5290,France métropolitaine
1993,hommes,65,5386,France métropolitaine
1993,hommes,66,5646,France métropolitaine
1993,hommes,67,5856,France métropolitaine
1993,hommes,68,6249,France métropolitaine
1993,hommes,69,6381,France métropolitaine
1993,hommes,70,6921,France métropolitaine
1993,hommes,71,7176,France métropolitaine
1993,hommes,72,7762,France métropolitaine
1993,hommes,73,7041,France métropolitaine
1993,hommes,74,4704,France métropolitaine
1993,hommes,75,4511,France métropolitaine
1993,hommes,76,4221,France métropolitaine
1993,hommes,77,4481,France métropolitaine
1993,hommes,78,7356,France métropolitaine
1993,hommes,79,8599,France métropolitaine
1993,hommes,80,9052,France métropolitaine
1993,hommes,81,8994,France métropolitaine
1993,hommes,82,8757,France métropolitaine
1993,hommes,83,8793,France métropolitaine
1993,hommes,84,8431,France métropolitaine
1993,hommes,85,7949,France métropolitaine
1993,hommes,86,7349,France métropolitaine
1993,hommes,87,6608,France métropolitaine
1993,hommes,88,5873,France métropolitaine
1993,hommes,89,5108,France métropolitaine
1993,hommes,90,4442,France métropolitaine
1993,hommes,91,3585,France métropolitaine
1993,hommes,92,2943,France métropolitaine
1993,hommes,93,2127,France métropolitaine
1993,hommes,94,1700,France métropolitaine
1993,hommes,95,1172,France métropolitaine
1993,hommes,96,776,France métropolitaine
1993,hommes,97,481,France métropolitaine
1993,hommes,98,293,France métropolitaine
1993,hommes,99,222,France métropolitaine
1993,hommes,100,333,France métropolitaine
1994,hommes,0,2445,France métropolitaine
1994,hommes,1,182,France métropolitaine
1994,hommes,2,118,France métropolitaine
1994,hommes,3,115,France métropolitaine
1994,hommes,4,80,France métropolitaine
1994,hommes,5,84,France métropolitaine
1994,hommes,6,72,France métropolitaine
1994,hommes,7,83,France métropolitaine
1994,hommes,8,72,France métropolitaine
1994,hommes,9,52,France métropolitaine
1994,hommes,10,72,France métropolitaine
1994,hommes,11,72,France métropolitaine
1994,hommes,12,103,France métropolitaine
1994,hommes,13,107,France métropolitaine
1994,hommes,14,141,France métropolitaine
1994,hommes,15,168,France métropolitaine
1994,hommes,16,209,France métropolitaine
1994,hommes,17,269,France métropolitaine
1994,hommes,18,373,France métropolitaine
1994,hommes,19,455,France métropolitaine
1994,hommes,20,516,France métropolitaine
1994,hommes,21,632,France métropolitaine
1994,hommes,22,617,France métropolitaine
1994,hommes,23,619,France métropolitaine
1994,hommes,24,603,France métropolitaine
1994,hommes,25,616,France métropolitaine
1994,hommes,26,616,France métropolitaine
1994,hommes,27,646,France métropolitaine
1994,hommes,28,736,France métropolitaine
1994,hommes,29,814,France métropolitaine
1994,hommes,30,861,France métropolitaine
1994,hommes,31,805,France métropolitaine
1994,hommes,32,835,France métropolitaine
1994,hommes,33,865,France métropolitaine
1994,hommes,34,924,France métropolitaine
1994,hommes,35,1015,France métropolitaine
1994,hommes,36,994,France métropolitaine
1994,hommes,37,1101,France métropolitaine
1994,hommes,38,1096,France métropolitaine
1994,hommes,39,1158,France métropolitaine
1994,hommes,40,1298,France métropolitaine
1994,hommes,41,1380,France métropolitaine
1994,hommes,42,1430,France métropolitaine
1994,hommes,43,1572,France métropolitaine
1994,hommes,44,1773,France métropolitaine
1994,hommes,45,1931,France métropolitaine
1994,hommes,46,1990,France métropolitaine
1994,hommes,47,2123,France métropolitaine
1994,hommes,48,2067,France métropolitaine
1994,hommes,49,1829,France métropolitaine
1994,hommes,50,2009,France métropolitaine
1994,hommes,51,1949,France métropolitaine
1994,hommes,52,1972,France métropolitaine
1994,hommes,53,1895,France métropolitaine
1994,hommes,54,2345,France métropolitaine
1994,hommes,55,2541,France métropolitaine
1994,hommes,56,2778,France métropolitaine
1994,hommes,57,2881,France métropolitaine
1994,hommes,58,3245,France métropolitaine
1994,hommes,59,3490,France métropolitaine
1994,hommes,60,3765,France métropolitaine
1994,hommes,61,4138,France métropolitaine
1994,hommes,62,4504,France métropolitaine
1994,hommes,63,5068,France métropolitaine
1994,hommes,64,5128,France métropolitaine
1994,hommes,65,5237,France métropolitaine
1994,hommes,66,5569,France métropolitaine
1994,hommes,67,5825,France métropolitaine
1994,hommes,68,6100,France métropolitaine
1994,hommes,69,6389,France métropolitaine
1994,hommes,70,6448,France métropolitaine
1994,hommes,71,6842,France métropolitaine
1994,hommes,72,7367,France métropolitaine
1994,hommes,73,8020,France métropolitaine
1994,hommes,74,7164,France métropolitaine
1994,hommes,75,4692,France métropolitaine
1994,hommes,76,4676,France métropolitaine
1994,hommes,77,4142,France métropolitaine
1994,hommes,78,4568,France métropolitaine
1994,hommes,79,7357,France métropolitaine
1994,hommes,80,8496,France métropolitaine
1994,hommes,81,8865,France métropolitaine
1994,hommes,82,8571,France métropolitaine
1994,hommes,83,8431,France métropolitaine
1994,hommes,84,8240,France métropolitaine
1994,hommes,85,7872,France métropolitaine
1994,hommes,86,7294,France métropolitaine
1994,hommes,87,6551,France métropolitaine
1994,hommes,88,6039,France métropolitaine
1994,hommes,89,5138,France métropolitaine
1994,hommes,90,4407,France métropolitaine
1994,hommes,91,3674,France métropolitaine
1994,hommes,92,2970,France métropolitaine
1994,hommes,93,2315,France métropolitaine
1994,hommes,94,1703,France métropolitaine
1994,hommes,95,1173,France métropolitaine
1994,hommes,96,792,France métropolitaine
1994,hommes,97,567,France métropolitaine
1994,hommes,98,314,France métropolitaine
1994,hommes,99,208,France métropolitaine
1994,hommes,100,291,France métropolitaine
1995,hommes,0,2002,France métropolitaine
1995,hommes,1,186,France métropolitaine
1995,hommes,2,111,France métropolitaine
1995,hommes,3,97,France métropolitaine
1995,hommes,4,85,France métropolitaine
1995,hommes,5,89,France métropolitaine
1995,hommes,6,72,France métropolitaine
1995,hommes,7,81,France métropolitaine
1995,hommes,8,52,France métropolitaine
1995,hommes,9,61,France métropolitaine
1995,hommes,10,68,France métropolitaine
1995,hommes,11,59,France métropolitaine
1995,hommes,12,79,France métropolitaine
1995,hommes,13,94,France métropolitaine
1995,hommes,14,125,France métropolitaine
1995,hommes,15,214,France métropolitaine
1995,hommes,16,215,France métropolitaine
1995,hommes,17,223,France métropolitaine
1995,hommes,18,354,France métropolitaine
1995,hommes,19,390,France métropolitaine
1995,hommes,20,456,France métropolitaine
1995,hommes,21,524,France métropolitaine
1995,hommes,22,583,France métropolitaine
1995,hommes,23,551,France métropolitaine
1995,hommes,24,625,France métropolitaine
1995,hommes,25,567,France métropolitaine
1995,hommes,26,602,France métropolitaine
1995,hommes,27,608,France métropolitaine
1995,hommes,28,714,France métropolitaine
1995,hommes,29,763,France métropolitaine
1995,hommes,30,760,France métropolitaine
1995,hommes,31,813,France métropolitaine
1995,hommes,32,850,France métropolitaine
1995,hommes,33,858,France métropolitaine
1995,hommes,34,961,France métropolitaine
1995,hommes,35,957,France métropolitaine
1995,hommes,36,1027,France métropolitaine
1995,hommes,37,1011,France métropolitaine
1995,hommes,38,1083,France métropolitaine
1995,hommes,39,1168,France métropolitaine
1995,hommes,40,1219,France métropolitaine
1995,hommes,41,1338,France métropolitaine
1995,hommes,42,1423,France métropolitaine
1995,hommes,43,1653,France métropolitaine
1995,hommes,44,1770,France métropolitaine
1995,hommes,45,1818,France métropolitaine
1995,hommes,46,2056,France métropolitaine
1995,hommes,47,2085,France métropolitaine
1995,hommes,48,2268,France métropolitaine
1995,hommes,49,2160,France métropolitaine
1995,hommes,50,2005,France métropolitaine
1995,hommes,51,2059,France métropolitaine
1995,hommes,52,2060,France métropolitaine
1995,hommes,53,2023,France métropolitaine
1995,hommes,54,1920,France métropolitaine
1995,hommes,55,2405,France métropolitaine
1995,hommes,56,2637,France métropolitaine
1995,hommes,57,2895,France métropolitaine
1995,hommes,58,3090,France métropolitaine
1995,hommes,59,3366,France métropolitaine
1995,hommes,60,3758,France métropolitaine
1995,hommes,61,4035,France métropolitaine
1995,hommes,62,4342,France métropolitaine
1995,hommes,63,4835,France métropolitaine
1995,hommes,64,5299,France métropolitaine
1995,hommes,65,5482,France métropolitaine
1995,hommes,66,5618,France métropolitaine
1995,hommes,67,5880,France métropolitaine
1995,hommes,68,6250,France métropolitaine
1995,hommes,69,6476,France métropolitaine
1995,hommes,70,6748,France métropolitaine
1995,hommes,71,6774,France métropolitaine
1995,hommes,72,7209,France métropolitaine
1995,hommes,73,7879,France métropolitaine
1995,hommes,74,8364,France métropolitaine
1995,hommes,75,7741,France métropolitaine
1995,hommes,76,4832,France métropolitaine
1995,hommes,77,4902,France métropolitaine
1995,hommes,78,4614,France métropolitaine
1995,hommes,79,4667,France métropolitaine
1995,hommes,80,7765,France métropolitaine
1995,hommes,81,8621,France métropolitaine
1995,hommes,82,9031,France métropolitaine
1995,hommes,83,8623,France métropolitaine
1995,hommes,84,8353,France métropolitaine
1995,hommes,85,8128,France métropolitaine
1995,hommes,86,7680,France métropolitaine
1995,hommes,87,6900,France métropolitaine
1995,hommes,88,6324,France métropolitaine
1995,hommes,89,5428,France métropolitaine
1995,hommes,90,4694,France métropolitaine
1995,hommes,91,3917,France métropolitaine
1995,hommes,92,3251,France métropolitaine
1995,hommes,93,2561,France métropolitaine
1995,hommes,94,1870,France métropolitaine
1995,hommes,95,1288,France métropolitaine
1995,hommes,96,934,France métropolitaine
1995,hommes,97,628,France métropolitaine
1995,hommes,98,452,France métropolitaine
1995,hommes,99,244,France métropolitaine
1995,hommes,100,321,France métropolitaine
1996,hommes,0,2022,France métropolitaine
1996,hommes,1,182,France métropolitaine
1996,hommes,2,125,France métropolitaine
1996,hommes,3,83,France métropolitaine
1996,hommes,4,77,France métropolitaine
1996,hommes,5,56,France métropolitaine
1996,hommes,6,75,France métropolitaine
1996,hommes,7,63,France métropolitaine
1996,hommes,8,72,France métropolitaine
1996,hommes,9,61,France métropolitaine
1996,hommes,10,65,France métropolitaine
1996,hommes,11,67,France métropolitaine
1996,hommes,12,74,France métropolitaine
1996,hommes,13,101,France métropolitaine
1996,hommes,14,140,France métropolitaine
1996,hommes,15,179,France métropolitaine
1996,hommes,16,208,France métropolitaine
1996,hommes,17,274,France métropolitaine
1996,hommes,18,355,France métropolitaine
1996,hommes,19,412,France métropolitaine
1996,hommes,20,388,France métropolitaine
1996,hommes,21,453,France métropolitaine
1996,hommes,22,541,France métropolitaine
1996,hommes,23,528,France métropolitaine
1996,hommes,24,529,France métropolitaine
1996,hommes,25,555,France métropolitaine
1996,hommes,26,549,France métropolitaine
1996,hommes,27,560,France métropolitaine
1996,hommes,28,609,France métropolitaine
1996,hommes,29,613,France métropolitaine
1996,hommes,30,692,France métropolitaine
1996,hommes,31,741,France métropolitaine
1996,hommes,32,703,France métropolitaine
1996,hommes,33,775,France métropolitaine
1996,hommes,34,839,France métropolitaine
1996,hommes,35,911,France métropolitaine
1996,hommes,36,951,France métropolitaine
1996,hommes,37,990,France métropolitaine
1996,hommes,38,976,France métropolitaine
1996,hommes,39,1068,France métropolitaine
1996,hommes,40,1222,France métropolitaine
1996,hommes,41,1352,France métropolitaine
1996,hommes,42,1461,France métropolitaine
1996,hommes,43,1523,France métropolitaine
1996,hommes,44,1574,France métropolitaine
1996,hommes,45,1833,France métropolitaine
1996,hommes,46,1940,France métropolitaine
1996,hommes,47,2040,France métropolitaine
1996,hommes,48,2196,France métropolitaine
1996,hommes,49,2395,France métropolitaine
1996,hommes,50,2172,France métropolitaine
1996,hommes,51,2030,France métropolitaine
1996,hommes,52,2100,France métropolitaine
1996,hommes,53,2235,France métropolitaine
1996,hommes,54,2184,France métropolitaine
1996,hommes,55,2150,France métropolitaine
1996,hommes,56,2568,France métropolitaine
1996,hommes,57,2798,France métropolitaine
1996,hommes,58,3064,France métropolitaine
1996,hommes,59,3355,France métropolitaine
1996,hommes,60,3611,France métropolitaine
1996,hommes,61,3999,France métropolitaine
1996,hommes,62,4279,France métropolitaine
1996,hommes,63,4688,France métropolitaine
1996,hommes,64,4939,France métropolitaine
1996,hommes,65,5521,France métropolitaine
1996,hommes,66,5591,France métropolitaine
1996,hommes,67,5888,France métropolitaine
1996,hommes,68,6249,France métropolitaine
1996,hommes,69,6536,France métropolitaine
1996,hommes,70,6653,France métropolitaine
1996,hommes,71,7080,France métropolitaine
1996,hommes,72,7405,France métropolitaine
1996,hommes,73,7711,France métropolitaine
1996,hommes,74,8068,France métropolitaine
1996,hommes,75,8688,France métropolitaine
1996,hommes,76,8028,France métropolitaine
1996,hommes,77,5127,France métropolitaine
1996,hommes,78,4947,France métropolitaine
1996,hommes,79,4670,France métropolitaine
1996,hommes,80,4867,France métropolitaine
1996,hommes,81,7807,France métropolitaine
1996,hommes,82,8956,France métropolitaine
1996,hommes,83,9121,France métropolitaine
1996,hommes,84,8599,France métropolitaine
1996,hommes,85,8234,France métropolitaine
1996,hommes,86,7795,France métropolitaine
1996,hommes,87,7273,France métropolitaine
1996,hommes,88,6538,France métropolitaine
1996,hommes,89,5626,France métropolitaine
1996,hommes,90,4893,France métropolitaine
1996,hommes,91,4133,France métropolitaine
1996,hommes,92,3316,France métropolitaine
1996,hommes,93,2772,France métropolitaine
1996,hommes,94,2061,France métropolitaine
1996,hommes,95,1464,France métropolitaine
1996,hommes,96,1059,France métropolitaine
1996,hommes,97,629,France métropolitaine
1996,hommes,98,424,France métropolitaine
1996,hommes,100,692,France métropolitaine
1997,hommes,0,1979,France métropolitaine
1997,hommes,1,178,France métropolitaine
1997,hommes,2,111,France métropolitaine
1997,hommes,3,78,France métropolitaine
1997,hommes,4,71,France métropolitaine
1997,hommes,5,72,France métropolitaine
1997,hommes,6,70,France métropolitaine
1997,hommes,7,60,France métropolitaine
1997,hommes,8,56,France métropolitaine
1997,hommes,9,68,France métropolitaine
1997,hommes,10,54,France métropolitaine
1997,hommes,11,55,France métropolitaine
1997,hommes,12,69,France métropolitaine
1997,hommes,13,86,France métropolitaine
1997,hommes,14,131,France métropolitaine
1997,hommes,15,174,France métropolitaine
1997,hommes,16,230,France métropolitaine
1997,hommes,17,267,France métropolitaine
1997,hommes,18,350,France métropolitaine
1997,hommes,19,409,France métropolitaine
1997,hommes,20,389,France métropolitaine
1997,hommes,21,441,France métropolitaine
1997,hommes,22,447,France métropolitaine
1997,hommes,23,506,France métropolitaine
1997,hommes,24,527,France métropolitaine
1997,hommes,25,506,France métropolitaine
1997,hommes,26,532,France métropolitaine
1997,hommes,27,540,France métropolitaine
1997,hommes,28,502,France métropolitaine
1997,hommes,29,543,France métropolitaine
1997,hommes,30,587,France métropolitaine
1997,hommes,31,616,France métropolitaine
1997,hommes,32,659,France métropolitaine
1997,hommes,33,644,France métropolitaine
1997,hommes,34,703,France métropolitaine
1997,hommes,35,760,France métropolitaine
1997,hommes,36,820,France métropolitaine
1997,hommes,37,880,France métropolitaine
1997,hommes,38,949,France métropolitaine
1997,hommes,39,1042,France métropolitaine
1997,hommes,40,1064,France métropolitaine
1997,hommes,41,1226,France métropolitaine
1997,hommes,42,1347,France métropolitaine
1997,hommes,43,1475,France métropolitaine
1997,hommes,44,1564,France métropolitaine
1997,hommes,45,1677,France métropolitaine
1997,hommes,46,1868,France métropolitaine
1997,hommes,47,2072,France métropolitaine
1997,hommes,48,2208,France métropolitaine
1997,hommes,49,2438,France métropolitaine
1997,hommes,50,2489,France métropolitaine
1997,hommes,51,2244,France métropolitaine
1997,hommes,52,2055,France métropolitaine
1997,hommes,53,2264,France métropolitaine
1997,hommes,54,2254,France métropolitaine
1997,hommes,55,2266,France métropolitaine
1997,hommes,56,2238,France métropolitaine
1997,hommes,57,2640,France métropolitaine
1997,hommes,58,2963,France métropolitaine
1997,hommes,59,3214,France métropolitaine
1997,hommes,60,3376,France métropolitaine
1997,hommes,61,3708,France métropolitaine
1997,hommes,62,4104,France métropolitaine
1997,hommes,63,4452,France métropolitaine
1997,hommes,64,4761,France métropolitaine
1997,hommes,65,5142,France métropolitaine
1997,hommes,66,5462,France métropolitaine
1997,hommes,67,5892,France métropolitaine
1997,hommes,68,5938,France métropolitaine
1997,hommes,69,6379,France métropolitaine
1997,hommes,70,6698,France métropolitaine
1997,hommes,71,7011,France métropolitaine
1997,hommes,72,7340,France métropolitaine
1997,hommes,73,7568,France métropolitaine
1997,hommes,74,7792,France métropolitaine
1997,hommes,75,8496,France métropolitaine
1997,hommes,76,8910,France métropolitaine
1997,hommes,77,8007,France métropolitaine
1997,hommes,78,5289,France métropolitaine
1997,hommes,79,5050,France métropolitaine
1997,hommes,80,4663,France métropolitaine
1997,hommes,81,4763,France métropolitaine
1997,hommes,82,7826,France métropolitaine
1997,hommes,83,8822,France métropolitaine
1997,hommes,84,8730,France métropolitaine
1997,hommes,85,8132,France métropolitaine
1997,hommes,86,7690,France métropolitaine
1997,hommes,87,7234,France métropolitaine
1997,hommes,88,6675,France métropolitaine
1997,hommes,89,5954,France métropolitaine
1997,hommes,90,4989,France métropolitaine
1997,hommes,91,4358,France métropolitaine
1997,hommes,92,3502,France métropolitaine
1997,hommes,93,2668,France métropolitaine
1997,hommes,94,2196,France métropolitaine
1997,hommes,95,1555,France métropolitaine
1997,hommes,96,1122,France métropolitaine
1997,hommes,97,711,France métropolitaine
1997,hommes,98,412,France métropolitaine
1997,hommes,99,301,France métropolitaine
1997,hommes,100,404,France métropolitaine
1998,hommes,0,2061,France entière
1998,hommes,1,154,France entière
1998,hommes,2,121,France entière
1998,hommes,3,93,France entière
1998,hommes,4,65,France entière
1998,hommes,5,77,France entière
1998,hommes,6,54,France entière
1998,hommes,7,51,France entière
1998,hommes,8,52,France entière
1998,hommes,9,67,France entière
1998,hommes,10,51,France entière
1998,hommes,11,64,France entière
1998,hommes,12,68,France entière
1998,hommes,13,80,France entière
1998,hommes,14,101,France entière
1998,hommes,15,146,France entière
1998,hommes,16,194,France entière
1998,hommes,17,286,France entière
1998,hommes,18,383,France entière
1998,hommes,19,415,France entière
1998,hommes,20,409,France entière
1998,hommes,21,465,France entière
1998,hommes,22,467,France entière
1998,hommes,23,443,France entière
1998,hommes,24,495,France entière
1998,hommes,25,529,France entière
1998,hommes,26,514,France entière
1998,hommes,27,530,France entière
1998,hommes,28,504,France entière
1998,hommes,29,540,France entière
1998,hommes,30,580,France entière
1998,hommes,31,589,France entière
1998,hommes,32,601,France entière
1998,hommes,33,656,France entière
1998,hommes,34,722,France entière
1998,hommes,35,714,France entière
1998,hommes,36,826,France entière
1998,hommes,37,868,France entière
1998,hommes,38,1017,France entière
1998,hommes,39,1031,France entière
1998,hommes,40,1112,France entière
1998,hommes,41,1206,France entière
1998,hommes,42,1403,France entière
1998,hommes,43,1482,France entière
1998,hommes,44,1544,France entière
1998,hommes,45,1790,France entière
1998,hommes,46,1868,France entière
1998,hommes,47,2114,France entière
1998,hommes,48,2270,France entière
1998,hommes,49,2409,France entière
1998,hommes,50,2574,France entière
1998,hommes,51,2659,France entière
1998,hommes,52,2564,France entière
1998,hommes,53,2184,France entière
1998,hommes,54,2458,France entière
1998,hommes,55,2428,France entière
1998,hommes,56,2333,France entière
1998,hommes,57,2500,France entière
1998,hommes,58,2837,France entière
1998,hommes,59,3175,France entière
1998,hommes,60,3495,France entière
1998,hommes,61,3667,France entière
1998,hommes,62,3941,France entière
1998,hommes,63,4307,France entière
1998,hommes,64,4716,France entière
1998,hommes,65,4986,France entière
1998,hommes,66,5405,France entière
1998,hommes,67,5870,France entière
1998,hommes,68,6019,France entière
1998,hommes,69,6414,France entière
1998,hommes,70,6805,France entière
1998,hommes,71,7171,France entière
1998,hommes,72,7425,France entière
1998,hommes,73,7543,France entière
1998,hommes,74,7923,France entière
1998,hommes,75,8364,France entière
1998,hommes,76,8886,France entière
1998,hommes,77,9483,France entière
1998,hommes,78,8555,France entière
1998,hommes,79,5341,France entière
1998,hommes,80,5259,France entière
1998,hommes,81,4975,France entière
1998,hommes,82,4974,France entière
1998,hommes,83,8131,France entière
1998,hommes,84,8925,France entière
1998,hommes,85,8890,France entière
1998,hommes,86,8169,France entière
1998,hommes,87,7494,France entière
1998,hommes,88,7016,France entière
1998,hommes,89,6207,France entière
1998,hommes,90,5120,France entière
1998,hommes,91,4439,France entière
1998,hommes,92,3723,France entière
1998,hommes,93,2808,France entière
1998,hommes,94,2265,France entière
1998,hommes,95,1657,France entière
1998,hommes,96,1145,France entière
1998,hommes,97,767,France entière
1998,hommes,98,485,France entière
1998,hommes,99,284,France entière
1998,hommes,100,442,France entière
1999,hommes,0,1968,France entière
1999,hommes,1,177,France entière
1999,hommes,2,98,France entière
1999,hommes,3,101,France entière
1999,hommes,4,56,France entière
1999,hommes,5,66,France entière
1999,hommes,6,64,France entière
1999,hommes,7,53,France entière
1999,hommes,8,56,France entière
1999,hommes,9,46,France entière
1999,hommes,10,57,France entière
1999,hommes,11,56,France entière
1999,hommes,12,68,France entière
1999,hommes,13,75,France entière
1999,hommes,14,114,France entière
1999,hommes,15,144,France entière
1999,hommes,16,222,France entière
1999,hommes,17,297,France entière
1999,hommes,18,427,France entière
1999,hommes,19,429,France entière
1999,hommes,20,451,France entière
1999,hommes,21,435,France entière
1999,hommes,22,436,France entière
1999,hommes,23,442,France entière
1999,hommes,24,451,France entière
1999,hommes,25,492,France entière
1999,hommes,26,525,France entière
1999,hommes,27,498,France entière
1999,hommes,28,508,France entière
1999,hommes,29,491,France entière
1999,hommes,30,544,France entière
1999,hommes,31,570,France entière
1999,hommes,32,576,France entière
1999,hommes,33,622,France entière
1999,hommes,34,656,France entière
1999,hommes,35,689,France entière
1999,hommes,36,738,France entière
1999,hommes,37,865,France entière
1999,hommes,38,890,France entière
1999,hommes,39,967,France entière
1999,hommes,40,1076,France entière
1999,hommes,41,1153,France entière
1999,hommes,42,1363,France entière
1999,hommes,43,1469,France entière
1999,hommes,44,1654,France entière
1999,hommes,45,1720,France entière
1999,hommes,46,1888,France entière
1999,hommes,47,1986,France entière
1999,hommes,48,2217,France entière
1999,hommes,49,2409,France entière
1999,hommes,50,2643,France entière
1999,hommes,51,2709,France entière
1999,hommes,52,2862,France entière
1999,hommes,53,2606,France entière
1999,hommes,54,2442,France entière
1999,hommes,55,2624,France entière
1999,hommes,56,2642,France entière
1999,hommes,57,2627,France entière
1999,hommes,58,2411,France entière
1999,hommes,59,3002,France entière
1999,hommes,60,3296,France entière
1999,hommes,61,3553,France entière
1999,hommes,62,3722,France entière
1999,hommes,63,4166,France entière
1999,hommes,64,4414,France entière
1999,hommes,65,4866,France entière
1999,hommes,66,5217,France entière
1999,hommes,67,5785,France entière
1999,hommes,68,6212,France entière
1999,hommes,69,6269,France entière
1999,hommes,70,6650,France entière
1999,hommes,71,7107,France entière
1999,hommes,72,7455,France entière
1999,hommes,73,7538,France entière
1999,hommes,74,7874,France entière
1999,hommes,75,8061,France entière
1999,hommes,76,8656,France entière
1999,hommes,77,9222,France entière
1999,hommes,78,9824,France entière
1999,hommes,79,8754,France entière
1999,hommes,80,5439,France entière
1999,hommes,81,5331,France entière
1999,hommes,82,4909,France entière
1999,hommes,83,4974,France entière
1999,hommes,84,7912,France entière
1999,hommes,85,8709,France entière
1999,hommes,86,8610,France entière
1999,hommes,87,7695,France entière
1999,hommes,88,7150,France entière
1999,hommes,89,6309,France entière
1999,hommes,90,5601,France entière
1999,hommes,91,4671,France entière
1999,hommes,92,3767,France entière
1999,hommes,93,3077,France entière
1999,hommes,94,2339,France entière
1999,hommes,95,1758,France entière
1999,hommes,96,1278,France entière
1999,hommes,97,872,France entière
1999,hommes,98,568,France entière
1999,hommes,99,330,France entière
1999,hommes,100,527,France entière
2000,hommes,0,2122,France entière
2000,hommes,1,177,France entière
2000,hommes,2,102,France entière
2000,hommes,3,88,France entière
2000,hommes,4,73,France entière
2000,hommes,5,58,France entière
2000,hommes,6,55,France entière
2000,hommes,7,58,France entière
2000,hommes,8,52,France entière
2000,hommes,9,59,France entière
2000,hommes,10,47,France entière
2000,hommes,11,59,France entière
2000,hommes,12,77,France entière
2000,hommes,13,78,France entière
2000,hommes,14,128,France entière
2000,hommes,15,152,France entière
2000,hommes,16,190,France entière
2000,hommes,17,235,France entière
2000,hommes,18,380,France entière
2000,hommes,19,438,France entière
2000,hommes,20,420,France entière
2000,hommes,21,415,France entière
2000,hommes,22,411,France entière
2000,hommes,23,398,France entière
2000,hommes,24,408,France entière
2000,hommes,25,423,France entière
2000,hommes,26,457,France entière
2000,hommes,27,492,France entière
2000,hommes,28,505,France entière
2000,hommes,29,546,France entière
2000,hommes,30,486,France entière
2000,hommes,31,560,France entière
2000,hommes,32,574,France entière
2000,hommes,33,614,France entière
2000,hommes,34,626,France entière
2000,hommes,35,744,France entière
2000,hommes,36,780,France entière
2000,hommes,37,812,France entière
2000,hommes,38,819,France entière
2000,hommes,39,977,France entière
2000,hommes,40,1061,France entière
2000,hommes,41,1148,France entière
2000,hommes,42,1320,France entière
2000,hommes,43,1469,France entière
2000,hommes,44,1613,France entière
2000,hommes,45,1716,France entière
2000,hommes,46,1880,France entière
2000,hommes,47,2016,France entière
2000,hommes,48,2179,France entière
2000,hommes,49,2284,France entière
2000,hommes,50,2611,France entière
2000,hommes,51,2699,France entière
2000,hommes,52,2951,France entière
2000,hommes,53,3004,France entière
2000,hommes,54,2703,France entière
2000,hommes,55,2649,France entière
2000,hommes,56,2739,France entière
2000,hommes,57,2720,France entière
2000,hommes,58,2577,France entière
2000,hommes,59,2633,France entière
2000,hommes,60,3166,France entière
2000,hommes,61,3315,France entière
2000,hommes,62,3754,France entière
2000,hommes,63,3902,France entière
2000,hommes,64,4259,France entière
2000,hommes,65,4621,France entière
2000,hommes,66,5139,France entière
2000,hommes,67,5345,France entière
2000,hommes,68,5919,France entière
2000,hommes,69,6310,France entière
2000,hommes,70,6483,France entière
2000,hommes,71,6721,France entière
2000,hommes,72,7298,France entière
2000,hommes,73,7369,France entière
2000,hommes,74,7783,France entière
2000,hommes,75,8115,France entière
2000,hommes,76,8393,France entière
2000,hommes,77,8770,France entière
2000,hommes,78,9255,France entière
2000,hommes,79,9698,France entière
2000,hommes,80,8778,France entière
2000,hommes,81,5634,France entière
2000,hommes,82,5399,France entière
2000,hommes,83,4953,France entière
2000,hommes,84,4847,France entière
2000,hommes,85,7615,France entière
2000,hommes,86,8271,France entière
2000,hommes,87,7796,France entière
2000,hommes,88,6993,France entière
2000,hommes,89,6218,France entière
2000,hommes,90,5636,France entière
2000,hommes,91,4816,France entière
2000,hommes,92,3855,France entière
2000,hommes,93,3124,France entière
2000,hommes,94,2372,France entière
2000,hommes,95,1819,France entière
2000,hommes,96,1268,France entière
2000,hommes,97,919,France entière
2000,hommes,98,609,France entière
2000,hommes,99,376,France entière
2000,hommes,100,551,France entière
2001,hommes,0,2108,France entière
2001,hommes,1,183,France entière
2001,hommes,2,130,France entière
2001,hommes,3,84,France entière
2001,hommes,4,72,France entière
2001,hommes,5,57,France entière
2001,hommes,6,58,France entière
2001,hommes,7,56,France entière
2001,hommes,8,49,France entière
2001,hommes,9,57,France entière
2001,hommes,10,52,France entière
2001,hommes,11,56,France entière
2001,hommes,12,80,France entière
2001,hommes,13,78,France entière
2001,hommes,14,122,France entière
2001,hommes,15,162,France entière
2001,hommes,16,211,France entière
2001,hommes,17,254,France entière
2001,hommes,18,403,France entière
2001,hommes,19,472,France entière
2001,hommes,20,449,France entière
2001,hommes,21,417,France entière
2001,hommes,22,433,France entière
2001,hommes,23,384,France entière
2001,hommes,24,398,France entière
2001,hommes,25,430,France entière
2001,hommes,26,434,France entière
2001,hommes,27,492,France entière
2001,hommes,28,476,France entière
2001,hommes,29,515,France entière
2001,hommes,30,540,France entière
2001,hommes,31,519,France entière
2001,hommes,32,520,France entière
2001,hommes,33,601,France entière
2001,hommes,34,635,France entière
2001,hommes,35,721,France entière
2001,hommes,36,772,France entière
2001,hommes,37,838,France entière
2001,hommes,38,943,France entière
2001,hommes,39,960,France entière
2001,hommes,40,1050,France entière
2001,hommes,41,1220,France entière
2001,hommes,42,1275,France entière
2001,hommes,43,1346,France entière
2001,hommes,44,1554,France entière
2001,hommes,45,1784,France entière
2001,hommes,46,1942,France entière
2001,hommes,47,1994,France entière
2001,hommes,48,2228,France entière
2001,hommes,49,2278,France entière
2001,hommes,50,2452,France entière
2001,hommes,51,2773,France entière
2001,hommes,52,2834,France entière
2001,hommes,53,3101,France entière
2001,hommes,54,3154,France entière
2001,hommes,55,2928,France entière
2001,hommes,56,2660,France entière
2001,hommes,57,2839,France entière
2001,hommes,58,2852,France entière
2001,hommes,59,2824,France entière
2001,hommes,60,2782,France entière
2001,hommes,61,3402,France entière
2001,hommes,62,3556,France entière
2001,hommes,63,3745,France entière
2001,hommes,64,4143,France entière
2001,hommes,65,4369,France entière
2001,hommes,66,4840,France entière
2001,hommes,67,5127,France entière
2001,hommes,68,5582,France entière
2001,hommes,69,6104,France entière
2001,hommes,70,6304,France entière
2001,hommes,71,6787,France entière
2001,hommes,72,7137,France entière
2001,hommes,73,7218,France entière
2001,hommes,74,7644,France entière
2001,hommes,75,7922,France entière
2001,hommes,76,8259,France entière
2001,hommes,77,8640,France entière
2001,hommes,78,8941,France entière
2001,hommes,79,9386,France entière
2001,hommes,80,10126,France entière
2001,hommes,81,8937,France entière
2001,hommes,82,5723,France entière
2001,hommes,83,5345,France entière
2001,hommes,84,4856,France entière
2001,hommes,85,4599,France entière
2001,hommes,86,7276,France entière
2001,hommes,87,7825,France entière
2001,hommes,88,7505,France entière
2001,hommes,89,6361,France entière
2001,hommes,90,5666,France entière
2001,hommes,91,4930,France entière
2001,hommes,92,3994,France entière
2001,hommes,93,3231,France entière
2001,hommes,94,2494,France entière
2001,hommes,95,1865,France entière
2001,hommes,96,1335,France entière
2001,hommes,97,973,France entière
2001,hommes,98,641,France entière
2001,hommes,99,403,France entière
2001,hommes,100,577,France entière
2002,hommes,0,1885,France entière
2002,hommes,1,171,France entière
2002,hommes,2,123,France entière
2002,hommes,3,80,France entière
2002,hommes,4,58,France entière
2002,hommes,5,51,France entière
2002,hommes,6,62,France entière
2002,hommes,7,52,France entière
2002,hommes,8,48,France entière
2002,hommes,9,59,France entière
2002,hommes,10,38,France entière
2002,hommes,11,45,France entière
2002,hommes,12,59,France entière
2002,hommes,13,97,France entière
2002,hommes,14,93,France entière
2002,hommes,15,129,France entière
2002,hommes,16,189,France entière
2002,hommes,17,243,France entière
2002,hommes,18,368,France entière
2002,hommes,19,365,France entière
2002,hommes,20,454,France entière
2002,hommes,21,427,France entière
2002,hommes,22,423,France entière
2002,hommes,23,411,France entière
2002,hommes,24,377,France entière
2002,hommes,25,416,France entière
2002,hommes,26,406,France entière
2002,hommes,27,447,France entière
2002,hommes,28,473,France entière
2002,hommes,29,492,France entière
2002,hommes,30,511,France entière
2002,hommes,31,539,France entière
2002,hommes,32,565,France entière
2002,hommes,33,567,France entière
2002,hommes,34,578,France entière
2002,hommes,35,648,France entière
2002,hommes,36,760,France entière
2002,hommes,37,823,France entière
2002,hommes,38,890,France entière
2002,hommes,39,920,France entière
2002,hommes,40,1015,France entière
2002,hommes,41,1107,France entière
2002,hommes,42,1272,France entière
2002,hommes,43,1416,France entière
2002,hommes,44,1429,France entière
2002,hommes,45,1657,France entière
2002,hommes,46,1807,France entière
2002,hommes,47,2056,France entière
2002,hommes,48,2090,France entière
2002,hommes,49,2258,France entière
2002,hommes,50,2457,France entière
2002,hommes,51,2691,France entière
2002,hommes,52,2869,France entière
2002,hommes,53,3177,France entière
2002,hommes,54,3264,France entière
2002,hommes,55,3421,France entière
2002,hommes,56,3113,France entière
2002,hommes,57,2849,France entière
2002,hommes,58,2959,France entière
2002,hommes,59,3149,France entière
2002,hommes,60,2995,France entière
2002,hommes,61,2879,France entière
2002,hommes,62,3473,France entière
2002,hommes,63,3738,France entière
2002,hommes,64,3982,France entière
2002,hommes,65,4262,France entière
2002,hommes,66,4613,France entière
2002,hommes,67,5028,France entière
2002,hommes,68,5430,France entière
2002,hommes,69,5806,France entière
2002,hommes,70,6331,France entière
2002,hommes,71,6703,France entière
2002,hommes,72,7007,France entière
2002,hommes,73,7237,France entière
2002,hommes,74,7614,France entière
2002,hommes,75,7847,France entière
2002,hommes,76,8206,France entière
2002,hommes,77,8645,France entière
2002,hommes,78,8921,France entière
2002,hommes,79,9046,France entière
2002,hommes,80,9917,France entière
2002,hommes,81,10170,France entière
2002,hommes,82,8930,France entière
2002,hommes,83,5566,France entière
2002,hommes,84,5284,France entière
2002,hommes,85,4722,France entière
2002,hommes,86,4554,France entière
2002,hommes,87,6982,France entière
2002,hommes,88,7390,France entière
2002,hommes,89,6803,France entière
2002,hommes,90,5889,France entière
2002,hommes,91,4959,France entière
2002,hommes,92,4362,France entière
2002,hommes,93,3406,France entière
2002,hommes,94,2615,France entière
2002,hommes,95,1954,France entière
2002,hommes,96,1399,France entière
2002,hommes,97,1036,France entière
2002,hommes,98,643,France entière
2002,hommes,99,441,France entière
2002,hommes,100,618,France entière
2003,hommes,0,1888,France entière
2003,hommes,1,170,France entière
2003,hommes,2,117,France entière
2003,hommes,3,75,France entière
2003,hommes,4,75,France entière
2003,hommes,5,53,France entière
2003,hommes,6,54,France entière
2003,hommes,7,45,France entière
2003,hommes,8,37,France entière
2003,hommes,9,46,France entière
2003,hommes,10,57,France entière
2003,hommes,11,52,France entière
2003,hommes,12,65,France entière
2003,hommes,13,77,France entière
2003,hommes,14,111,France entière
2003,hommes,15,118,France entière
2003,hommes,16,205,France entière
2003,hommes,17,218,France entière
2003,hommes,18,309,France entière
2003,hommes,19,358,France entière
2003,hommes,20,409,France entière
2003,hommes,21,381,France entière
2003,hommes,22,420,France entière
2003,hommes,23,422,France entière
2003,hommes,24,335,France entière
2003,hommes,25,330,France entière
2003,hommes,26,376,France entière
2003,hommes,27,384,France entière
2003,hommes,28,401,France entière
2003,hommes,29,421,France entière
2003,hommes,30,505,France entière
2003,hommes,31,521,France entière
2003,hommes,32,546,France entière
2003,hommes,33,554,France entière
2003,hommes,34,622,France entière
2003,hommes,35,657,France entière
2003,hommes,36,706,France entière
2003,hommes,37,766,France entière
2003,hommes,38,882,France entière
2003,hommes,39,953,France entière
2003,hommes,40,979,France entière
2003,hommes,41,1073,France entière
2003,hommes,42,1169,France entière
2003,hommes,43,1338,France entière
2003,hommes,44,1451,France entière
2003,hommes,45,1609,France entière
2003,hommes,46,1837,France entière
2003,hommes,47,1946,France entière
2003,hommes,48,2149,France entière
2003,hommes,49,2247,France entière
2003,hommes,50,2502,France entière
2003,hommes,51,2663,France entière
2003,hommes,52,2883,France entière
2003,hommes,53,3057,France entière
2003,hommes,54,3295,France entière
2003,hommes,55,3472,France entière
2003,hommes,56,3704,France entière
2003,hommes,57,3336,France entière
2003,hommes,58,2978,France entière
2003,hommes,59,3233,France entière
2003,hommes,60,3257,France entière
2003,hommes,61,2987,France entière
2003,hommes,62,3238,France entière
2003,hommes,63,3635,France entière
2003,hommes,64,3936,France entière
2003,hommes,65,4228,France entière
2003,hommes,66,4401,France entière
2003,hommes,67,4789,France entière
2003,hommes,68,5186,France entière
2003,hommes,69,5727,France entière
2003,hommes,70,5952,France entière
2003,hommes,71,6617,France entière
2003,hommes,72,7102,France entière
2003,hommes,73,7173,France entière
2003,hommes,74,7611,France entière
2003,hommes,75,8211,France entière
2003,hommes,76,8488,France entière
2003,hommes,77,8815,France entière
2003,hommes,78,8927,France entière
2003,hommes,79,9087,France entière
2003,hommes,80,9823,France entière
2003,hommes,81,10246,France entière
2003,hommes,82,10566,France entière
2003,hommes,83,9429,France entière
2003,hommes,84,5666,France entière
2003,hommes,85,5378,France entière
2003,hommes,86,4645,France entière
2003,hommes,87,4371,France entière
2003,hommes,88,6792,France entière
2003,hommes,89,7158,France entière
2003,hommes,90,6543,France entière
2003,hommes,91,5389,France entière
2003,hommes,92,4424,France entière
2003,hommes,93,3700,France entière
2003,hommes,94,2755,France entière
2003,hommes,95,2234,France entière
2003,hommes,96,1522,France entière
2003,hommes,97,1125,France entière
2003,hommes,98,764,France entière
2003,hommes,99,493,France entière
2003,hommes,100,702,France entière
2004,hommes,0,1808,France entière
2004,hommes,1,162,France entière
2004,hommes,2,106,France entière
2004,hommes,3,91,France entière
2004,hommes,4,60,France entière
2004,hommes,5,44,France entière
2004,hommes,6,51,France entière
2004,hommes,7,34,France entière
2004,hommes,8,44,France entière
2004,hommes,9,32,France entière
2004,hommes,10,42,France entière
2004,hommes,11,39,France entière
2004,hommes,12,54,France entière
2004,hommes,13,74,France entière
2004,hommes,14,87,France entière
2004,hommes,15,118,France entière
2004,hommes,16,163,France entière
2004,hommes,17,208,France entière
2004,hommes,18,311,France entière
2004,hommes,19,338,France entière
2004,hommes,20,359,France entière
2004,hommes,21,368,France entière
2004,hommes,22,391,France entière
2004,hommes,23,363,France entière
2004,hommes,24,367,France entière
2004,hommes,25,335,France entière
2004,hommes,26,357,France entière
2004,hommes,27,341,France entière
2004,hommes,28,348,France entière
2004,hommes,29,389,France entière
2004,hommes,30,454,France entière
2004,hommes,31,476,France entière
2004,hommes,32,440,France entière
2004,hommes,33,555,France entière
2004,hommes,34,544,France entière
2004,hommes,35,615,France entière
2004,hommes,36,636,France entière
2004,hommes,37,689,France entière
2004,hommes,38,776,France entière
2004,hommes,39,863,France entière
2004,hommes,40,923,France entière
2004,hommes,41,1031,France entière
2004,hommes,42,1121,France entière
2004,hommes,43,1286,France entière
2004,hommes,44,1407,France entière
2004,hommes,45,1485,France entière
2004,hommes,46,1686,France entière
2004,hommes,47,1799,France entière
2004,hommes,48,2027,France entière
2004,hommes,49,2128,France entière
2004,hommes,50,2353,France entière
2004,hommes,51,2574,France entière
2004,hommes,52,2594,France entière
2004,hommes,53,2878,France entière
2004,hommes,54,3137,France entière
2004,hommes,55,3248,France entière
2004,hommes,56,3400,France entière
2004,hommes,57,3642,France entière
2004,hommes,58,3318,France entière
2004,hommes,59,3129,France entière
2004,hommes,60,3173,France entière
2004,hommes,61,3211,France entière
2004,hommes,62,3220,France entière
2004,hommes,63,3138,France entière
2004,hommes,64,3665,France entière
2004,hommes,65,3911,France entière
2004,hommes,66,4233,France entière
2004,hommes,67,4385,France entière
2004,hommes,68,4729,France entière
2004,hommes,69,5109,France entière
2004,hommes,70,5580,France entière
2004,hommes,71,5916,France entière
2004,hommes,72,6364,France entière
2004,hommes,73,7007,France entière
2004,hommes,74,7328,France entière
2004,hommes,75,7363,France entière
2004,hommes,76,7972,France entière
2004,hommes,77,8318,France entière
2004,hommes,78,8424,France entière
2004,hommes,79,8853,France entière
2004,hommes,80,9065,France entière
2004,hommes,81,9218,France entière
2004,hommes,82,9679,France entière
2004,hommes,83,9882,France entière
2004,hommes,84,8626,France entière
2004,hommes,85,5161,France entière
2004,hommes,86,4833,France entière
2004,hommes,87,4168,France entière
2004,hommes,88,3965,France entière
2004,hommes,89,5775,France entière
2004,hommes,90,5913,France entière
2004,hommes,91,5192,France entière
2004,hommes,92,4158,France entière
2004,hommes,93,3273,France entière
2004,hommes,94,2758,France entière
2004,hommes,95,2083,France entière
2004,hommes,96,1483,France entière
2004,hommes,97,1057,France entière
2004,hommes,98,722,France entière
2004,hommes,99,417,France entière
2004,hommes,100,702,France entière
2005,hommes,0,1738,France entière
2005,hommes,1,148,France entière
2005,hommes,2,93,France entière
2005,hommes,3,74,France entière
2005,hommes,4,62,France entière
2005,hommes,5,49,France entière
2005,hommes,6,53,France entière
2005,hommes,7,52,France entière
2005,hommes,8,44,France entière
2005,hommes,9,33,France entière
2005,hommes,10,37,France entière
2005,hommes,11,46,France entière
2005,hommes,12,47,France entière
2005,hommes,13,59,France entière
2005,hommes,14,72,France entière
2005,hommes,15,122,France entière
2005,hommes,16,179,France entière
2005,hommes,17,217,France entière
2005,hommes,18,299,France entière
2005,hommes,19,333,France entière
2005,hommes,20,346,France entière
2005,hommes,21,325,France entière
2005,hommes,22,357,France entière
2005,hommes,23,414,France entière
2005,hommes,24,379,France entière
2005,hommes,25,370,France entière
2005,hommes,26,367,France entière
2005,hommes,27,319,France entière
2005,hommes,28,338,France entière
2005,hommes,29,354,France entière
2005,hommes,30,410,France entière
2005,hommes,31,470,France entière
2005,hommes,32,490,France entière
2005,hommes,33,518,France entière
2005,hommes,34,566,France entière
2005,hommes,35,558,France entière
2005,hommes,36,671,France entière
2005,hommes,37,644,France entière
2005,hommes,38,742,France entière
2005,hommes,39,821,France entière
2005,hommes,40,968,France entière
2005,hommes,41,1001,France entière
2005,hommes,42,1051,France entière
2005,hommes,43,1108,France entière
2005,hommes,44,1371,France entière
2005,hommes,45,1501,France entière
2005,hommes,46,1615,France entière
2005,hommes,47,1815,France entière
2005,hommes,48,2023,France entière
2005,hommes,49,2232,France entière
2005,hommes,50,2419,France entière
2005,hommes,51,2473,France entière
2005,hommes,52,2614,France entière
2005,hommes,53,2875,France entière
2005,hommes,54,3075,France entière
2005,hommes,55,3286,France entière
2005,hommes,56,3512,France entière
2005,hommes,57,3823,France entière
2005,hommes,58,3966,France entière
2005,hommes,59,3602,France entière
2005,hommes,60,3243,France entière
2005,hommes,61,3294,France entière
2005,hommes,62,3411,France entière
2005,hommes,63,3346,France entière
2005,hommes,64,3281,France entière
2005,hommes,65,3965,France entière
2005,hommes,66,4150,France entière
2005,hommes,67,4373,France entière
2005,hommes,68,4694,France entière
2005,hommes,69,5138,France entière
2005,hommes,70,5324,France entière
2005,hommes,71,6074,France entière
2005,hommes,72,6450,France entière
2005,hommes,73,6893,France entière
2005,hommes,74,7533,France entière
2005,hommes,75,7485,France entière
2005,hommes,76,7798,France entière
2005,hommes,77,8242,France entière
2005,hommes,78,8629,France entière
2005,hommes,79,8865,France entière
2005,hommes,80,9196,France entière
2005,hommes,81,9453,France entière
2005,hommes,82,9755,France entière
2005,hommes,83,10124,France entière
2005,hommes,84,10231,France entière
2005,hommes,85,8761,France entière
2005,hommes,86,5319,France entière
2005,hommes,87,4722,France entière
2005,hommes,88,4136,France entière
2005,hommes,89,3657,France entière
2005,hommes,90,5479,France entière
2005,hommes,91,5527,France entière
2005,hommes,92,4608,France entière
2005,hommes,93,3715,France entière
2005,hommes,94,2946,France entière
2005,hommes,95,2301,France entière
2005,hommes,96,1678,France entière
2005,hommes,97,1176,France entière
2005,hommes,98,810,France entière
2005,hommes,99,501,France entière
2005,hommes,100,732,France entière
2006,hommes,0,1829,France entière
2006,hommes,1,157,France entière
2006,hommes,2,93,France entière
2006,hommes,3,64,France entière
2006,hommes,4,50,France entière
2006,hommes,5,49,France entière
2006,hommes,6,50,France entière
2006,hommes,7,38,France entière
2006,hommes,8,34,France entière
2006,hommes,9,40,France entière
2006,hommes,10,41,France entière
2006,hommes,11,44,France entière
2006,hommes,12,57,France entière
2006,hommes,13,66,France entière
2006,hommes,14,90,France entière
2006,hommes,15,122,France entière
2006,hommes,16,144,France entière
2006,hommes,17,227,France entière
2006,hommes,18,262,France entière
2006,hommes,19,321,France entière
2006,hommes,20,316,France entière
2006,hommes,21,309,France entière
2006,hommes,22,295,France entière
2006,hommes,23,352,France entière
2006,hommes,24,372,France entière
2006,hommes,25,326,France entière
2006,hommes,26,356,France entière
2006,hommes,27,341,France entière
2006,hommes,28,345,France entière
2006,hommes,29,355,France entière
2006,hommes,30,345,France entière
2006,hommes,31,433,France entière
2006,hommes,32,443,France entière
2006,hommes,33,494,France entière
2006,hommes,34,560,France entière
2006,hommes,35,575,France entière
2006,hommes,36,677,France entière
2006,hommes,37,651,France entière
2006,hommes,38,733,France entière
2006,hommes,39,742,France entière
2006,hommes,40,890,France entière
2006,hommes,41,963,France entière
2006,hommes,42,1061,France entière
2006,hommes,43,1134,France entière
2006,hommes,44,1298,France entière
2006,hommes,45,1444,France entière
2006,hommes,46,1621,France entière
2006,hommes,47,1768,France entière
2006,hommes,48,1868,France entière
2006,hommes,49,2062,France entière
2006,hommes,50,2313,France entière
2006,hommes,51,2600,France entière
2006,hommes,52,2611,France entière
2006,hommes,53,2862,France entière
2006,hommes,54,2984,France entière
2006,hommes,55,3215,France entière
2006,hommes,56,3583,France entière
2006,hommes,57,3702,France entière
2006,hommes,58,3890,France entière
2006,hommes,59,4038,France entière
2006,hommes,60,3692,France entière
2006,hommes,61,3296,France entière
2006,hommes,62,3494,France entière
2006,hommes,63,3561,France entière
2006,hommes,64,3490,France entière
2006,hommes,65,3359,France entière
2006,hommes,66,3928,France entière
2006,hommes,67,4288,France entière
2006,hommes,68,4592,France entière
2006,hommes,69,4818,France entière
2006,hommes,70,5102,France entière
2006,hommes,71,5549,France entière
2006,hommes,72,6034,France entière
2006,hommes,73,6488,France entière
2006,hommes,74,6902,France entière
2006,hommes,75,7355,France entière
2006,hommes,76,7855,France entière
2006,hommes,77,7858,France entière
2006,hommes,78,8277,France entière
2006,hommes,79,8624,France entière
2006,hommes,80,9113,France entière
2006,hommes,81,9067,France entière
2006,hommes,82,9180,France entière
2006,hommes,83,9476,France entière
2006,hommes,84,9611,France entière
2006,hommes,85,9882,France entière
2006,hommes,86,8386,France entière
2006,hommes,87,4830,France entière
2006,hommes,88,4348,France entière
2006,hommes,89,3706,France entière
2006,hommes,90,3332,France entière
2006,hommes,91,4689,France entière
2006,hommes,92,4652,France entière
2006,hommes,93,3917,France entière
2006,hommes,94,2955,France entière
2006,hommes,95,2328,France entière
2006,hommes,96,1690,France entière
2006,hommes,97,1200,France entière
2006,hommes,98,850,France entière
2006,hommes,99,486,France entière
2006,hommes,100,802,France entière
2007,hommes,0,1790,France entière
2007,hommes,1,145,France entière
2007,hommes,2,102,France entière
2007,hommes,3,65,France entière
2007,hommes,4,55,France entière
2007,hommes,5,36,France entière
2007,hommes,6,38,France entière
2007,hommes,7,40,France entière
2007,hommes,8,42,France entière
2007,hommes,9,35,France entière
2007,hommes,10,29,France entière
2007,hommes,11,39,France entière
2007,hommes,12,51,France entière
2007,hommes,13,54,France entière
2007,hommes,14,71,France entière
2007,hommes,15,113,France entière
2007,hommes,16,133,France entière
2007,hommes,17,206,France entière
2007,hommes,18,276,France entière
2007,hommes,19,276,France entière
2007,hommes,20,346,France entière
2007,hommes,21,338,France entière
2007,hommes,22,337,France entière
2007,hommes,23,337,France entière
2007,hommes,24,320,France entière
2007,hommes,25,376,France entière
2007,hommes,26,378,France entière
2007,hommes,27,361,France entière
2007,hommes,28,341,France entière
2007,hommes,29,332,France entière
2007,hommes,30,341,France entière
2007,hommes,31,355,France entière
2007,hommes,32,436,France entière
2007,hommes,33,440,France entière
2007,hommes,34,498,France entière
2007,hommes,35,569,France entière
2007,hommes,36,633,France entière
2007,hommes,37,662,France entière
2007,hommes,38,704,France entière
2007,hommes,39,696,France entière
2007,hommes,40,823,France entière
2007,hommes,41,941,France entière
2007,hommes,42,1051,France entière
2007,hommes,43,1096,France entière
2007,hommes,44,1215,France entière
2007,hommes,45,1415,France entière
2007,hommes,46,1502,France entière
2007,hommes,47,1651,France entière
2007,hommes,48,1770,France entière
2007,hommes,49,2114,France entière
2007,hommes,50,2145,France entière
2007,hommes,51,2386,France entière
2007,hommes,52,2657,France entière
2007,hommes,53,2806,France entière
2007,hommes,54,2982,France entière
2007,hommes,55,3228,France entière
2007,hommes,56,3331,France entière
2007,hommes,57,3804,France entière
2007,hommes,58,3909,France entière
2007,hommes,59,4023,France entière
2007,hommes,60,4247,France entière
2007,hommes,61,3779,France entière
2007,hommes,62,3473,France entière
2007,hommes,63,3670,France entière
2007,hommes,64,3700,France entière
2007,hommes,65,3611,France entière
2007,hommes,66,3463,France entière
2007,hommes,67,4153,France entière
2007,hommes,68,4624,France entière
2007,hommes,69,4667,France entière
2007,hommes,70,4990,France entière
2007,hommes,71,5339,France entière
2007,hommes,72,5725,France entière
2007,hommes,73,6098,France entière
2007,hommes,74,6619,France entière
2007,hommes,75,7159,France entière
2007,hommes,76,7563,France entière
2007,hommes,77,7970,France entière
2007,hommes,78,8389,France entière
2007,hommes,79,8557,France entière
2007,hommes,80,9008,France entière
2007,hommes,81,9193,France entière
2007,hommes,82,9339,France entière
2007,hommes,83,9326,France entière
2007,hommes,84,9556,France entière
2007,hommes,85,9593,France entière
2007,hommes,86,9780,France entière
2007,hommes,87,8186,France entière
2007,hommes,88,4628,France entière
2007,hommes,89,4270,France entière
2007,hommes,90,3535,France entière
2007,hommes,91,3103,France entière
2007,hommes,92,4074,France entière
2007,hommes,93,4000,France entière
2007,hommes,94,3274,France entière
2007,hommes,95,2356,France entière
2007,hommes,96,1807,France entière
2007,hommes,97,1305,France entière
2007,hommes,98,937,France entière
2007,hommes,99,559,France entière
2007,hommes,100,891,France entière
2008,hommes,0,1741,France entière
2008,hommes,1,153,France entière
2008,hommes,2,78,France entière
2008,hommes,3,74,France entière
2008,hommes,4,63,France entière
2008,hommes,5,48,France entière
2008,hommes,6,42,France entière
2008,hommes,7,29,France entière
2008,hommes,8,36,France entière
2008,hommes,9,29,France entière
2008,hommes,10,33,France entière
2008,hommes,11,45,France entière
2008,hommes,12,45,France entière
2008,hommes,13,46,France entière
2008,hommes,14,70,France entière
2008,hommes,15,89,France entière
2008,hommes,16,147,France entière
2008,hommes,17,166,France entière
2008,hommes,18,264,France entière
2008,hommes,19,269,France entière
2008,hommes,20,306,France entière
2008,hommes,21,332,France entière
2008,hommes,22,338,France entière
2008,hommes,23,346,France entière
2008,hommes,24,340,France entière
2008,hommes,25,349,France entière
2008,hommes,26,359,France entière
2008,hommes,27,378,France entière
2008,hommes,28,361,France entière
2008,hommes,29,351,France entière
2008,hommes,30,340,France entière
2008,hommes,31,354,France entière
2008,hommes,32,375,France entière
2008,hommes,33,413,France entière
2008,hommes,34,471,France entière
2008,hommes,35,499,France entière
2008,hommes,36,635,France entière
2008,hommes,37,635,France entière
2008,hommes,38,655,France entière
2008,hommes,39,732,France entière
2008,hommes,40,802,France entière
2008,hommes,41,907,France entière
2008,hommes,42,1018,France entière
2008,hommes,43,1083,France entière
2008,hommes,44,1253,France entière
2008,hommes,45,1212,France entière
2008,hommes,46,1502,France entière
2008,hommes,47,1609,France entière
2008,hommes,48,1826,France entière
2008,hommes,49,2020,France entière
2008,hommes,50,2160,France entière
2008,hommes,51,2415,France entière
2008,hommes,52,2523,France entière
2008,hommes,53,2741,France entière
2008,hommes,54,2826,France entière
2008,hommes,55,3181,France entière
2008,hommes,56,3440,France entière
2008,hommes,57,3493,France entière
2008,hommes,58,3856,France entière
2008,hommes,59,3996,France entière
2008,hommes,60,4293,France entière
2008,hommes,61,4458,France entière
2008,hommes,62,4010,France entière
2008,hommes,63,3682,France entière
2008,hommes,64,3852,France entière
2008,hommes,65,3898,France entière
2008,hommes,66,3787,France entière
2008,hommes,67,3530,France entière
2008,hommes,68,4305,France entière
2008,hommes,69,4474,France entière
2008,hommes,70,4787,France entière
2008,hommes,71,5278,France entière
2008,hommes,72,5689,France entière
2008,hommes,73,6017,France entière
2008,hommes,74,6486,France entière
2008,hommes,75,7141,France entière
2008,hommes,76,7455,France entière
2008,hommes,77,7988,France entière
2008,hommes,78,8294,France entière
2008,hommes,79,8586,France entière
2008,hommes,80,8994,France entière
2008,hommes,81,9283,France entière
2008,hommes,82,9704,France entière
2008,hommes,83,9516,France entière
2008,hommes,84,9541,France entière
2008,hommes,85,9549,France entière
2008,hommes,86,9752,France entière
2008,hommes,87,9645,France entière
2008,hommes,88,7749,France entière
2008,hommes,89,4503,France entière
2008,hommes,90,3943,France entière
2008,hommes,91,3152,France entière
2008,hommes,92,2696,France entière
2008,hommes,93,3534,France entière
2008,hommes,94,3516,France entière
2008,hommes,95,2743,France entière
2008,hommes,96,1933,France entière
2008,hommes,97,1378,France entière
2008,hommes,98,978,France entière
2008,hommes,99,608,France entière
2008,hommes,100,966,France entière
2009,hommes,0,1789,France entière
2009,hommes,1,146,France entière
2009,hommes,2,98,France entière
2009,hommes,3,69,France entière
2009,hommes,4,40,France entière
2009,hommes,5,51,France entière
2009,hommes,6,48,France entière
2009,hommes,7,40,France entière
2009,hommes,8,33,France entière
2009,hommes,9,32,France entière
2009,hommes,10,41,France entière
2009,hommes,11,45,France entière
2009,hommes,12,48,France entière
2009,hommes,13,44,France entière
2009,hommes,14,79,France entière
2009,hommes,15,116,France entière
2009,hommes,16,118,France entière
2009,hommes,17,187,France entière
2009,hommes,18,263,France entière
2009,hommes,19,281,France entière
2009,hommes,20,288,France entière
2009,hommes,21,340,France entière
2009,hommes,22,294,France entière
2009,hommes,23,343,France entière
2009,hommes,24,330,France entière
2009,hommes,25,329,France entière
2009,hommes,26,338,France entière
2009,hommes,27,335,France entière
2009,hommes,28,399,France entière
2009,hommes,29,345,France entière
2009,hommes,30,350,France entière
2009,hommes,31,344,France entière
2009,hommes,32,409,France entière
2009,hommes,33,404,France entière
2009,hommes,34,458,France entière
2009,hommes,35,546,France entière
2009,hommes,36,617,France entière
2009,hommes,37,670,France entière
2009,hommes,38,685,France entière
2009,hommes,39,771,France entière
2009,hommes,40,838,France entière
2009,hommes,41,917,France entière
2009,hommes,42,1001,France entière
2009,hommes,43,1104,France entière
2009,hommes,44,1221,France entière
2009,hommes,45,1313,France entière
2009,hommes,46,1408,France entière
2009,hommes,47,1603,France entière
2009,hommes,48,1710,France entière
2009,hommes,49,1856,France entière
2009,hommes,50,2117,France entière
2009,hommes,51,2239,France entière
2009,hommes,52,2475,France entière
2009,hommes,53,2679,France entière
2009,hommes,54,2994,France entière
2009,hommes,55,3163,France entière
2009,hommes,56,3467,France entière
2009,hommes,57,3659,France entière
2009,hommes,58,3822,France entière
2009,hommes,59,4132,France entière
2009,hommes,60,4361,France entière
2009,hommes,61,4492,France entière
2009,hommes,62,4527,France entière
2009,hommes,63,4213,France entière
2009,hommes,64,3685,France entière
2009,hommes,65,3989,France entière
2009,hommes,66,4031,France entière
2009,hommes,67,3781,France entière
2009,hommes,68,3796,France entière
2009,hommes,69,4435,France entière
2009,hommes,70,4738,France entière
2009,hommes,71,4941,France entière
2009,hommes,72,5544,France entière
2009,hommes,73,5747,France entière
2009,hommes,74,6234,France entière
2009,hommes,75,6698,France entière
2009,hommes,76,7377,France entière
2009,hommes,77,7743,France entière
2009,hommes,78,8233,France entière
2009,hommes,79,8650,France entière
2009,hommes,80,8738,France entière
2009,hommes,81,9179,France entière
2009,hommes,82,9349,France entière
2009,hommes,83,9477,France entière
2009,hommes,84,9648,France entière
2009,hommes,85,9620,France entière
2009,hommes,86,9629,France entière
2009,hommes,87,9567,France entière
2009,hommes,88,9209,France entière
2009,hommes,89,7441,France entière
2009,hommes,90,4140,France entière
2009,hommes,91,3463,France entière
2009,hommes,92,2765,France entière
2009,hommes,93,2387,France entière
2009,hommes,94,3022,France entière
2009,hommes,95,2766,France entière
2009,hommes,96,2094,France entière
2009,hommes,97,1457,France entière
2009,hommes,98,981,France entière
2009,hommes,99,731,France entière
2009,hommes,100,1043,France entière
2010,hommes,0,1686,France entière
2010,hommes,1,113,France entière
2010,hommes,2,87,France entière
2010,hommes,3,66,France entière
2010,hommes,4,39,France entière
2010,hommes,5,53,France entière
2010,hommes,6,51,France entière
2010,hommes,7,32,France entière
2010,hommes,8,34,France entière
2010,hommes,9,35,France entière
2010,hommes,10,43,France entière
2010,hommes,11,42,France entière
2010,hommes,12,49,France entière
2010,hommes,13,39,France entière
2010,hommes,14,65,France entière
2010,hommes,15,115,France entière
2010,hommes,16,158,France entière
2010,hommes,17,167,France entière
2010,hommes,18,222,France entière
2010,hommes,19,285,France entière
2010,hommes,20,288,France entière
2010,hommes,21,253,France entière
2010,hommes,22,317,France entière
2010,hommes,23,344,France entière
2010,hommes,24,315,France entière
2010,hommes,25,302,France entière
2010,hommes,26,315,France entière
2010,hommes,27,320,France entière
2010,hommes,28,388,France entière
2010,hommes,29,372,France entière
2010,hommes,30,373,France entière
2010,hommes,31,362,France entière
2010,hommes,32,387,France entière
2010,hommes,33,427,France entière
2010,hommes,34,429,France entière
2010,hommes,35,478,France entière
2010,hommes,36,599,France entière
2010,hommes,37,633,France entière
2010,hommes,38,694,France entière
2010,hommes,39,766,France entière
2010,hommes,40,751,France entière
2010,hommes,41,901,France entière
2010,hommes,42,939,France entière
2010,hommes,43,1033,France entière
2010,hommes,44,1181,France entière
2010,hommes,45,1280,France entière
2010,hommes,46,1393,France entière
2010,hommes,47,1577,France entière
2010,hommes,48,1654,France entière
2010,hommes,49,1836,France entière
2010,hommes,50,2034,France entière
2010,hommes,51,2241,France entière
2010,hommes,52,2467,France entière
2010,hommes,53,2767,France entière
2010,hommes,54,2807,France entière
2010,hommes,55,3116,France entière
2010,hommes,56,3361,France entière
2010,hommes,57,3505,France entière
2010,hommes,58,3737,France entière
2010,hommes,59,3914,France entière
2010,hommes,60,4297,France entière
2010,hommes,61,4607,France entière
2010,hommes,62,4562,France entière
2010,hommes,63,4796,France entière
2010,hommes,64,4360,France entière
2010,hommes,65,3987,France entière
2010,hommes,66,4147,France entière
2010,hommes,67,4232,France entière
2010,hommes,68,4021,France entière
2010,hommes,69,3911,France entière
2010,hommes,70,4654,France entière
2010,hommes,71,4959,France entière
2010,hommes,72,5265,France entière
2010,hommes,73,5565,France entière
2010,hommes,74,5957,France entière
2010,hommes,75,6541,France entière
2010,hommes,76,7167,France entière
2010,hommes,77,7339,France entière
2010,hommes,78,8169,France entière
2010,hommes,79,8572,France entière
2010,hommes,80,8905,France entière
2010,hommes,81,9149,France entière
2010,hommes,82,9348,France entière
2010,hommes,83,9514,France entière
2010,hommes,84,9648,France entière
2010,hommes,85,9625,France entière
2010,hommes,86,9568,France entière
2010,hommes,87,9167,France entière
2010,hommes,88,9101,France entière
2010,hommes,89,8713,France entière
2010,hommes,90,6919,France entière
2010,hommes,91,3793,France entière
2010,hommes,92,3155,France entière
2010,hommes,93,2367,France entière
2010,hommes,94,1907,France entière
2010,hommes,95,2438,France entière
2010,hommes,96,2252,France entière
2010,hommes,97,1610,France entière
2010,hommes,98,1075,France entière
2010,hommes,99,704,France entière
2010,hommes,100,1104,France entière
2011,hommes,0,1554,France entière
2011,hommes,1,125,France entière
2011,hommes,2,76,France entière
2011,hommes,3,54,France entière
2011,hommes,4,47,France entière
2011,hommes,5,43,France entière
2011,hommes,6,44,France entière
2011,hommes,7,37,France entière
2011,hommes,8,39,France entière
2011,hommes,9,40,France entière
2011,hommes,10,33,France entière
2011,hommes,11,32,France entière
2011,hommes,12,43,France entière
2011,hommes,13,47,France entière
2011,hommes,14,82,France entière
2011,hommes,15,89,France entière
2011,hommes,16,121,France entière
2011,hommes,17,150,France entière
2011,hommes,18,214,France entière
2011,hommes,19,270,France entière
2011,hommes,20,282,France entière
2011,hommes,21,312,France entière
2011,hommes,22,282,France entière
2011,hommes,23,295,France entière
2011,hommes,24,323,France entière
2011,hommes,25,323,France entière
2011,hommes,26,334,France entière
2011,hommes,27,326,France entière
2011,hommes,28,360,France entière
2011,hommes,29,358,France entière
2011,hommes,30,369,France entière
2011,hommes,31,368,France entière
2011,hommes,32,365,France entière
2011,hommes,33,384,France entière
2011,hommes,34,400,France entière
2011,hommes,35,455,France entière
2011,hommes,36,501,France entière
2011,hommes,37,605,France entière
2011,hommes,38,665,France entière
2011,hommes,39,722,France entière
2011,hommes,40,761,France entière
2011,hommes,41,830,France entière
2011,hommes,42,982,France entière
2011,hommes,43,971,France entière
2011,hommes,44,1116,France entière
2011,hommes,45,1205,France entière
2011,hommes,46,1364,France entière
2011,hommes,47,1471,France entière
2011,hommes,48,1631,France entière
2011,hommes,49,1801,France entière
2011,hommes,50,1919,France entière
2011,hommes,51,2269,France entière
2011,hommes,52,2427,France entière
2011,hommes,53,2544,France entière
2011,hommes,54,2814,France entière
2011,hommes,55,3041,France entière
2011,hommes,56,3226,France entière
2011,hommes,57,3363,France entière
2011,hommes,58,3653,France entière
2011,hommes,59,3928,France entière
2011,hommes,60,4072,France entière
2011,hommes,61,4376,France entière
2011,hommes,62,4611,France entière
2011,hommes,63,4696,France entière
2011,hommes,64,4968,France entière
2011,hommes,65,4578,France entière
2011,hommes,66,3895,France entière
2011,hommes,67,4226,France entière
2011,hommes,68,4191,France entière
2011,hommes,69,4051,France entière
2011,hommes,70,4081,France entière
2011,hommes,71,4810,France entière
2011,hommes,72,5165,France entière
2011,hommes,73,5402,France entière
2011,hommes,74,5782,France entière
2011,hommes,75,6294,France entière
2011,hommes,76,6497,France entière
2011,hommes,77,7154,France entière
2011,hommes,78,7722,France entière
2011,hommes,79,8379,France entière
2011,hommes,80,8673,France entière
2011,hommes,81,8839,France entière
2011,hommes,82,9178,France entière
2011,hommes,83,9449,France entière
2011,hommes,84,9358,France entière
2011,hommes,85,9371,France entière
2011,hommes,86,9447,France entière
2011,hommes,87,8996,France entière
2011,hommes,88,8637,France entière
2011,hommes,89,8538,France entière
2011,hommes,90,7842,France entière
2011,hommes,91,6094,France entière
2011,hommes,92,3251,France entière
2011,hommes,93,2742,France entière
2011,hommes,94,1956,France entière
2011,hommes,95,1595,France entière
2011,hommes,96,1939,France entière
2011,hommes,97,1620,France entière
2011,hommes,98,1184,France entière
2011,hommes,99,801,France entière
2011,hommes,100,1135,France entière
2012,hommes,0,1638,France entière
2012,hommes,1,139,France entière
2012,hommes,2,83,France entière
2012,hommes,3,58,France entière
2012,hommes,4,53,France entière
2012,hommes,5,46,France entière
2012,hommes,6,33,France entière
2012,hommes,7,35,France entière
2012,hommes,8,32,France entière
2012,hommes,9,30,France entière
2012,hommes,10,34,France entière
2012,hommes,11,35,France entière
2012,hommes,12,47,France entière
2012,hommes,13,32,France entière
2012,hommes,14,70,France entière
2012,hommes,15,73,France entière
2012,hommes,16,103,France entière
2012,hommes,17,150,France entière
2012,hommes,18,208,France entière
2012,hommes,19,250,France entière
2012,hommes,20,259,France entière
2012,hommes,21,280,France entière
2012,hommes,22,287,France entière
2012,hommes,23,263,France entière
2012,hommes,24,284,France entière
2012,hommes,25,310,France entière
2012,hommes,26,310,France entière
2012,hommes,27,310,France entière
2012,hommes,28,324,France entière
2012,hommes,29,305,France entière
2012,hommes,30,336,France entière
2012,hommes,31,361,France entière
2012,hommes,32,376,France entière
2012,hommes,33,363,France entière
2012,hommes,34,383,France entière
2012,hommes,35,372,France entière
2012,hommes,36,414,France entière
2012,hommes,37,503,France entière
2012,hommes,38,581,France entière
2012,hommes,39,710,France entière
2012,hommes,40,746,France entière
2012,hommes,41,867,France entière
2012,hommes,42,909,France entière
2012,hommes,43,932,France entière
2012,hommes,44,1055,France entière
2012,hommes,45,1182,France entière
2012,hommes,46,1296,France entière
2012,hommes,47,1457,France entière
2012,hommes,48,1597,France entière
2012,hommes,49,1769,France entière
2012,hommes,50,1955,France entière
2012,hommes,51,2103,France entière
2012,hommes,52,2232,France entière
2012,hommes,53,2505,France entière
2012,hommes,54,2737,France entière
2012,hommes,55,3027,France entière
2012,hommes,56,3165,France entière
2012,hommes,57,3421,France entière
2012,hommes,58,3619,France entière
2012,hommes,59,3903,France entière
2012,hommes,60,4187,France entière
2012,hommes,61,4389,France entière
2012,hommes,62,4621,France entière
2012,hommes,63,4921,France entière
2012,hommes,64,5044,France entière
2012,hommes,65,5266,France entière
2012,hommes,66,4505,France entière
2012,hommes,67,4384,France entière
2012,hommes,68,4497,France entière
2012,hommes,69,4489,France entière
2012,hommes,70,4430,France entière
2012,hommes,71,4278,France entière
2012,hommes,72,5040,France entière
2012,hommes,73,5580,France entière
2012,hommes,74,5617,France entière
2012,hommes,75,6060,France entière
2012,hommes,76,6540,France entière
2012,hommes,77,7144,France entière
2012,hommes,78,7523,France entière
2012,hommes,79,8359,France entière
2012,hommes,80,8642,France entière
2012,hommes,81,9214,France entière
2012,hommes,82,9421,France entière
2012,hommes,83,9782,France entière
2012,hommes,84,9800,France entière
2012,hommes,85,10002,France entière
2012,hommes,86,9812,France entière
2012,hommes,87,9616,France entière
2012,hommes,88,9178,France entière
2012,hommes,89,8635,France entière
2012,hommes,90,8367,France entière
2012,hommes,91,7660,France entière
2012,hommes,92,5751,France entière
2012,hommes,93,2984,France entière
2012,hommes,94,2389,France entière
2012,hommes,95,1753,France entière
2012,hommes,96,1309,France entière
2012,hommes,97,1594,France entière
2012,hommes,98,1321,France entière
2012,hommes,99,912,France entière
2012,hommes,100,1353,France entière
2013,hommes,0,1631,France entière
2013,hommes,1,113,France entière
2013,hommes,2,78,France entière
2013,hommes,3,66,France entière
2013,hommes,4,52,France entière
2013,hommes,5,54,France entière
2013,hommes,6,43,France entière
2013,hommes,7,39,France entière
2013,hommes,8,37,France entière
2013,hommes,9,36,France entière
2013,hommes,10,35,France entière
2013,hommes,11,39,France entière
2013,hommes,12,33,France entière
2013,hommes,13,42,France entière
2013,hommes,14,71,France entière
2013,hommes,15,69,France entière
2013,hommes,16,97,France entière
2013,hommes,17,131,France entière
2013,hommes,18,185,France entière
2013,hommes,19,210,France entière
2013,hommes,20,240,France entière
2013,hommes,21,246,France entière
2013,hommes,22,275,France entière
2013,hommes,23,268,France entière
2013,hommes,24,275,France entière
2013,hommes,25,295,France entière
2013,hommes,26,312,France entière
2013,hommes,27,270,France entière
2013,hommes,28,311,France entière
2013,hommes,29,283,France entière
2013,hommes,30,332,France entière
2013,hommes,31,330,France entière
2013,hommes,32,367,France entière
2013,hommes,33,387,France entière
2013,hommes,34,402,France entière
2013,hommes,35,428,France entière
2013,hommes,36,467,France entière
2013,hommes,37,486,France entière
2013,hommes,38,552,France entière
2013,hommes,39,599,France entière
2013,hommes,40,769,France entière
2013,hommes,41,818,France entière
2013,hommes,42,898,France entière
2013,hommes,43,927,France entière
2013,hommes,44,990,France entière
2013,hommes,45,1120,France entière
2013,hommes,46,1266,France entière
2013,hommes,47,1436,France entière
2013,hommes,48,1579,France entière
2013,hommes,49,1730,France entière
2013,hommes,50,1862,France entière
2013,hommes,51,1995,France entière
2013,hommes,52,2187,France entière
2013,hommes,53,2363,France entière
2013,hommes,54,2684,France entière
2013,hommes,55,2811,France entière
2013,hommes,56,3040,France entière
2013,hommes,57,3354,France entière
2013,hommes,58,3514,France entière
2013,hommes,59,3837,France entière
2013,hommes,60,4024,France entière
2013,hommes,61,4323,France entière
2013,hommes,62,4490,France entière
2013,hommes,63,4919,France entière
2013,hommes,64,5038,France entière
2013,hommes,65,5410,France entière
2013,hommes,66,5443,France entière
2013,hommes,67,4915,France entière
2013,hommes,68,4484,France entière
2013,hommes,69,4696,France entière
2013,hommes,70,4747,France entière
2013,hommes,71,4531,France entière
2013,hommes,72,4470,France entière
2013,hommes,73,5341,France entière
2013,hommes,74,5709,France entière
2013,hommes,75,5992,France entière
2013,hommes,76,6498,France entière
2013,hommes,77,6747,France entière
2013,hommes,78,7355,France entière
2013,hommes,79,7856,France entière
2013,hommes,80,8342,France entière
2013,hommes,81,9121,France entière
2013,hommes,82,9563,France entière
2013,hommes,83,9626,France entière
2013,hommes,84,9652,France entière
2013,hommes,85,9768,France entière
2013,hommes,86,9876,France entière
2013,hommes,87,9640,France entière
2013,hommes,88,9310,France entière
2013,hommes,89,8488,France entière
2013,hommes,90,8177,France entière
2013,hommes,91,7736,France entière
2013,hommes,92,6718,France entière
2013,hommes,93,4943,France entière
2013,hommes,94,2512,France entière
2013,hommes,95,1931,France entière
2013,hommes,96,1287,France entière
2013,hommes,97,996,France entière
2013,hommes,98,1129,France entière
2013,hommes,99,865,France entière
2013,hommes,100,1376,France entière
2014,hommes,0,1587,France entière
2014,hommes,1,130,France entière
2014,hommes,2,68,France entière
2014,hommes,3,61,France entière
2014,hommes,4,54,France entière
2014,hommes,5,43,France entière
2014,hommes,6,45,France entière
2014,hommes,7,42,France entière
2014,hommes,8,33,France entière
2014,hommes,9,40,France entière
2014,hommes,10,27,France entière
2014,hommes,11,34,France entière
2014,hommes,12,46,France entière
2014,hommes,13,45,France entière
2014,hommes,14,58,France entière
2014,hommes,15,76,France entière
2014,hommes,16,95,France entière
2014,hommes,17,131,France entière
2014,hommes,18,164,France entière
2014,hommes,19,201,France entière
2014,hommes,20,226,France entière
2014,hommes,21,207,France entière
2014,hommes,22,254,France entière
2014,hommes,23,245,France entière
2014,hommes,24,252,France entière
2014,hommes,25,284,France entière
2014,hommes,26,276,France entière
2014,hommes,27,284,France entière
2014,hommes,28,307,France entière
2014,hommes,29,340,France entière
2014,hommes,30,352,France entière
2014,hommes,31,298,France entière
2014,hommes,32,412,France entière
2014,hommes,33,370,France entière
2014,hommes,34,418,France entière
2014,hommes,35,369,France entière
2014,hommes,36,408,France entière
2014,hommes,37,472,France entière
2014,hommes,38,517,France entière
2014,hommes,39,647,France entière
2014,hommes,40,651,France entière
2014,hommes,41,693,France entière
2014,hommes,42,800,France entière
2014,hommes,43,871,France entière
2014,hommes,44,997,France entière
2014,hommes,45,1102,France entière
2014,hommes,46,1223,France entière
2014,hommes,47,1329,France entière
2014,hommes,48,1491,France entière
2014,hommes,49,1648,France entière
2014,hommes,50,1734,France entière
2014,hommes,51,1877,France entière
2014,hommes,52,2163,France entière
2014,hommes,53,2265,France entière
2014,hommes,54,2569,France entière
2014,hommes,55,2746,France entière
2014,hommes,56,2988,France entière
2014,hommes,57,3162,France entière
2014,hommes,58,3385,France entière
2014,hommes,59,3626,France entière
2014,hommes,60,3872,France entière
2014,hommes,61,4166,France entière
2014,hommes,62,4485,France entière
2014,hommes,63,4680,France entière
2014,hommes,64,5000,France entière
2014,hommes,65,5125,France entière
2014,hommes,66,5427,France entière
2014,hommes,67,5525,France entière
2014,hommes,68,5094,France entière
2014,hommes,69,4665,France entière
2014,hommes,70,4814,France entière
2014,hommes,71,4759,France entière
2014,hommes,72,4755,France entière
2014,hommes,73,4625,France entière
2014,hommes,74,5420,France entière
2014,hommes,75,5882,France entière
2014,hommes,76,6044,France entière
2014,hommes,77,6568,France entière
2014,hommes,78,6916,France entière
2014,hommes,79,7497,France entière
2014,hommes,80,8008,France entière
2014,hommes,81,8571,France entière
2014,hommes,82,9222,France entière
2014,hommes,83,9478,France entière
2014,hommes,84,9674,France entière
2014,hommes,85,9756,France entière
2014,hommes,86,9454,France entière
2014,hommes,87,9536,France entière
2014,hommes,88,9177,France entière
2014,hommes,89,8676,France entière
2014,hommes,90,7778,France entière
2014,hommes,91,7134,France entière
2014,hommes,92,6475,France entière
2014,hommes,93,5665,France entière
2014,hommes,94,4041,France entière
2014,hommes,95,1858,France entière
2014,hommes,96,1438,France entière
2014,hommes,97,987,France entière
2014,hommes,98,703,France entière
2014,hommes,99,772,France entière
2014,hommes,100,1421,France entière
2015,hommes,0,1647,France entière
2015,hommes,1,126,France entière
2015,hommes,2,81,France entière
2015,hommes,3,68,France entière
2015,hommes,4,50,France entière
2015,hommes,5,43,France entière
2015,hommes,6,37,France entière
2015,hommes,7,40,France entière
2015,hommes,8,48,France entière
2015,hommes,9,37,France entière
2015,hommes,10,23,France entière
2015,hommes,11,38,France entière
2015,hommes,12,41,France entière
2015,hommes,13,65,France entière
2015,hommes,14,68,France entière
2015,hommes,15,101,France entière
2015,hommes,16,129,France entière
2015,hommes,17,137,France entière
2015,hommes,18,179,France entière
2015,hommes,19,214,France entière
2015,hommes,20,210,France entière
2015,hommes,21,251,France entière
2015,hommes,22,210,France entière
2015,hommes,23,245,France entière
2015,hommes,24,260,France entière
2015,hommes,25,252,France entière
2015,hommes,26,291,France entière
2015,hommes,27,278,France entière
2015,hommes,28,293,France entière
2015,hommes,29,335,France entière
2015,hommes,30,324,France entière
2015,hommes,31,375,France entière
2015,hommes,32,329,France entière
2015,hommes,33,380,France entière
2015,hommes,34,456,France entière
2015,hommes,35,437,France entière
2015,hommes,36,451,France entière
2015,hommes,37,497,France entière
2015,hommes,38,498,France entière
2015,hommes,39,549,France entière
2015,hommes,40,633,France entière
2015,hommes,41,762,France entière
2015,hommes,42,796,France entière
2015,hommes,43,976,France entière
2015,hommes,44,1058,France entière
2015,hommes,45,1176,France entière
2015,hommes,46,1218,France entière
2015,hommes,47,1388,France entière
2015,hommes,48,1424,France entière
2015,hommes,49,1621,France entière
2015,hommes,50,1774,France entière
2015,hommes,51,1912,France entière
2015,hommes,52,2072,France entière
2015,hommes,53,2200,France entière
2015,hommes,54,2539,France entière
2015,hommes,55,2797,France entière
2015,hommes,56,3015,France entière
2015,hommes,57,3259,France entière
2015,hommes,58,3475,France entière
2015,hommes,59,3673,France entière
2015,hommes,60,4002,France entière
2015,hommes,61,4158,France entière
2015,hommes,62,4450,France entière
2015,hommes,63,4685,France entière
2015,hommes,64,4944,France entière
2015,hommes,65,5314,France entière
2015,hommes,66,5579,France entière
2015,hommes,67,5700,France entière
2015,hommes,68,5988,France entière
2015,hommes,69,5282,France entière
2015,hommes,70,4969,France entière
2015,hommes,71,5089,France entière
2015,hommes,72,5189,France entière
2015,hommes,73,5046,France entière
2015,hommes,74,5009,France entière
2015,hommes,75,5857,France entière
2015,hommes,76,6301,France entière
2015,hommes,77,6695,France entière
2015,hommes,78,7235,France entière
2015,hommes,79,7753,France entière
2015,hommes,80,8371,France entière
2015,hommes,81,8797,France entière
2015,hommes,82,9261,France entière
2015,hommes,83,9941,France entière
2015,hommes,84,10302,France entière
2015,hommes,85,10291,France entière
2015,hommes,86,10273,France entière
2015,hommes,87,9986,France entière
2015,hommes,88,9755,France entière
2015,hommes,89,9238,France entière
2015,hommes,90,8558,France entière
2015,hommes,91,7765,France entière
2015,hommes,92,6850,France entière
2015,hommes,93,6135,France entière
2015,hommes,94,5158,France entière
2015,hommes,95,3470,France entière
2015,hommes,96,1714,France entière
2015,hommes,97,1195,France entière
2015,hommes,98,765,France entière
2015,hommes,99,533,France entière
2015,hommes,100,1564,France entière
2016,hommes,0,1617,France entière
2016,hommes,1,92,France entière
2016,hommes,2,85,France entière
2016,hommes,3,71,France entière
2016,hommes,4,51,France entière
2016,hommes,5,47,France entière
2016,hommes,6,48,France entière
2016,hommes,7,35,France entière
2016,hommes,8,27,France entière
2016,hommes,9,32,France entière
2016,hommes,10,41,France entière
2016,hommes,11,28,France entière
2016,hommes,12,29,France entière
2016,hommes,13,45,France entière
2016,hommes,14,56,France entière
2016,hommes,15,80,France entière
2016,hommes,16,84,France entière
2016,hommes,17,142,France entière
2016,hommes,18,181,France entière
2016,hommes,19,214,France entière
2016,hommes,20,210,France entière
2016,hommes,21,216,France entière
2016,hommes,22,219,France entière
2016,hommes,23,233,France entière
2016,hommes,24,245,France entière
2016,hommes,25,258,France entière
2016,hommes,26,291,France entière
2016,hommes,27,284,France entière
2016,hommes,28,290,France entière
2016,hommes,29,285,France entière
2016,hommes,30,288,France entière
2016,hommes,31,325,France entière
2016,hommes,32,327,France entière
2016,hommes,33,369,France entière
2016,hommes,34,411,France entière
2016,hommes,35,436,France entière
2016,hommes,36,422,France entière
2016,hommes,37,504,France entière
2016,hommes,38,509,France entière
2016,hommes,39,545,France entière
2016,hommes,40,552,France entière
2016,hommes,41,681,France entière
2016,hommes,42,807,France entière
2016,hommes,43,920,France entière
2016,hommes,44,970,France entière
2016,hommes,45,1067,France entière
2016,hommes,46,1140,France entière
2016,hommes,47,1305,France entière
2016,hommes,48,1395,France entière
2016,hommes,49,1576,France entière
2016,hommes,50,1752,France entière
2016,hommes,51,1895,France entière
2016,hommes,52,1970,France entière
2016,hommes,53,2219,France entière
2016,hommes,54,2438,France entière
2016,hommes,55,2643,France entière
2016,hommes,56,2985,France entière
2016,hommes,57,3202,France entière
2016,hommes,58,3380,France entière
2016,hommes,59,3627,France entière
2016,hommes,60,3929,France entière
2016,hommes,61,4189,France entière
2016,hommes,62,4502,France entière
2016,hommes,63,4750,France entière
2016,hommes,64,4839,France entière
2016,hommes,65,5186,France entière
2016,hommes,66,5518,France entière
2016,hommes,67,5706,France entière
2016,hommes,68,6001,France entière
2016,hommes,69,6292,France entière
2016,hommes,70,5754,France entière
2016,hommes,71,5067,France entière
2016,hommes,72,5303,France entière
2016,hommes,73,5450,France entière
2016,hommes,74,5300,France entière
2016,hommes,75,5203,France entière
2016,hommes,76,6086,France entière
2016,hommes,77,6591,France entière
2016,hommes,78,7053,France entière
2016,hommes,79,7504,France entière
2016,hommes,80,7844,France entière
2016,hommes,81,8612,France entière
2016,hommes,82,8976,France entière
2016,hommes,83,9473,France entière
2016,hommes,84,10151,France entière
2016,hommes,85,10320,France entière
2016,hommes,86,10163,France entière
2016,hommes,87,10165,France entière
2016,hommes,88,9784,France entière
2016,hommes,89,9269,France entière
2016,hommes,90,8733,France entière
2016,hommes,91,7499,France entière
2016,hommes,92,6971,France entière
2016,hommes,93,6119,France entière
2016,hommes,94,5171,France entière
2016,hommes,95,4224,France entière
2016,hommes,96,2886,France entière
2016,hommes,97,1330,France entière
2016,hommes,98,910,France entière
2016,hommes,99,592,France entière
2016,hommes,100,1409,France entière
2017,hommes,0,1620,France entière
2017,hommes,1,120,France entière
2017,hommes,2,70,France entière
2017,hommes,3,56,France entière
2017,hommes,4,39,France entière
2017,hommes,5,49,France entière
2017,hommes,6,44,France entière
2017,hommes,7,40,France entière
2017,hommes,8,34,France entière
2017,hommes,9,16,France entière
2017,hommes,10,36,France entière
2017,hommes,11,37,France entière
2017,hommes,12,37,France entière
2017,hommes,13,35,France entière
2017,hommes,14,65,France entière
2017,hommes,15,79,France entière
2017,hommes,16,112,France entière
2017,hommes,17,133,France entière
2017,hommes,18,157,France entière
2017,hommes,19,173,France entière
2017,hommes,20,233,France entière
2017,hommes,21,238,France entière
2017,hommes,22,237,France entière
2017,hommes,23,230,France entière
2017,hommes,24,211,France entière
2017,hommes,25,239,France entière
2017,hommes,26,272,France entière
2017,hommes,27,264,France entière
2017,hommes,28,296,France entière
2017,hommes,29,296,France entière
2017,hommes,30,294,France entière
2017,hommes,31,323,France entière
2017,hommes,32,373,France entière
2017,hommes,33,340,France entière
2017,hommes,34,363,France entière
2017,hommes,35,436,France entière
2017,hommes,36,482,France entière
2017,hommes,37,472,France entière
2017,hommes,38,455,France entière
2017,hommes,39,536,France entière
2017,hommes,40,581,France entière
2017,hommes,41,608,France entière
2017,hommes,42,761,France entière
2017,hommes,43,879,France entière
2017,hommes,44,918,France entière
2017,hommes,45,1043,France entière
2017,hommes,46,1178,France entière
2017,hommes,47,1228,France entière
2017,hommes,48,1340,France entière
2017,hommes,49,1533,France entière
2017,hommes,50,1647,France entière
2017,hommes,51,1839,France entière
2017,hommes,52,2027,France entière
2017,hommes,53,2273,France entière
2017,hommes,54,2295,France entière
2017,hommes,55,2488,France entière
2017,hommes,56,2837,France entière
2017,hommes,57,2992,France entière
2017,hommes,58,3348,France entière
2017,hommes,59,3553,France entière
2017,hommes,60,3791,France entière
2017,hommes,61,4221,France entière
2017,hommes,62,4451,France entière
2017,hommes,63,4625,France entière
2017,hommes,64,4789,France entière
2017,hommes,65,5145,France entière
2017,hommes,66,5483,France entière
2017,hommes,67,5822,France entière
2017,hommes,68,5943,France entière
2017,hommes,69,6370,France entière
2017,hommes,70,6558,France entière
2017,hommes,71,5839,France entière
2017,hommes,72,5232,France entière
2017,hommes,73,5546,France entière
2017,hommes,74,5682,France entière
2017,hommes,75,5597,France entière
2017,hommes,76,5512,France entière
2017,hommes,77,6483,France entière
2017,hommes,78,7120,France entière
2017,hommes,79,7397,France entière
2017,hommes,80,7775,France entière
2017,hommes,81,8440,France entière
2017,hommes,82,9067,France entière
2017,hommes,83,9450,France entière
2017,hommes,84,10102,France entière
2017,hommes,85,10265,France entière
2017,hommes,86,10606,France entière
2017,hommes,87,10547,France entière
2017,hommes,88,9982,France entière
2017,hommes,89,9706,France entière
2017,hommes,90,8877,France entière
2017,hommes,91,8220,France entière
2017,hommes,92,7274,France entière
2017,hommes,93,6130,France entière
2017,hommes,94,5235,France entière
2017,hommes,95,4494,France entière
2017,hommes,96,3444,France entière
2017,hommes,97,2176,France entière
2017,hommes,98,978,France entière
2017,hommes,99,614,France entière
2017,hommes,100,1122,France entière
2018,hommes,0,1625,France entière
2018,hommes,1,116,France entière
2018,hommes,2,73,France entière
2018,hommes,3,46,France entière
2018,hommes,4,51,France entière
2018,hommes,5,38,France entière
2018,hommes,6,31,France entière
2018,hommes,7,27,France entière
2018,hommes,8,27,France entière
2018,hommes,9,31,France entière
2018,hommes,10,29,France entière
2018,hommes,11,41,France entière
2018,hommes,12,49,France entière
2018,hommes,13,42,France entière
2018,hommes,14,66,France entière
2018,hommes,15,88,France entière
2018,hommes,16,102,France entière
2018,hommes,17,118,France entière
2018,hommes,18,158,France entière
2018,hommes,19,213,France entière
2018,hommes,20,202,France entière
2018,hommes,21,250,France entière
2018,hommes,22,219,France entière
2018,hommes,23,236,France entière
2018,hommes,24,247,France entière
2018,hommes,25,247,France entière
2018,hommes,26,250,France entière
2018,hommes,27,239,France entière
2018,hommes,28,244,France entière
2018,hommes,29,317,France entière
2018,hommes,30,320,France entière
2018,hommes,31,308,France entière
2018,hommes,32,329,France entière
2018,hommes,33,363,France entière
2018,hommes,34,387,France entière
2018,hommes,35,429,France entière
2018,hommes,36,476,France entière
2018,hommes,37,521,France entière
2018,hommes,38,542,France entière
2018,hommes,39,590,France entière
2018,hommes,40,583,France entière
2018,hommes,41,621,France entière
2018,hommes,42,662,France entière
2018,hommes,43,792,France entière
2018,hommes,44,912,France entière
2018,hommes,45,1094,France entière
2018,hommes,46,1141,France entière
2018,hommes,47,1272,France entière
2018,hommes,48,1343,France entière
2018,hommes,49,1496,France entière
2018,hommes,50,1624,France entière
2018,hommes,51,1787,France entière
2018,hommes,52,1999,France entière
2018,hommes,53,2177,France entière
2018,hommes,54,2390,France entière
2018,hommes,55,2534,France entière
2018,hommes,56,2742,France entière
2018,hommes,57,2980,France entière
2018,hommes,58,3280,France entière
2018,hommes,59,3475,France entière
2018,hommes,60,3657,France entière
2018,hommes,61,4064,France entière
2018,hommes,62,4358,France entière
2018,hommes,63,4657,France entière
2018,hommes,64,4846,France entière
2018,hommes,65,4988,France entière
2018,hommes,66,5300,France entière
2018,hommes,67,5579,France entière
2018,hommes,68,6246,France entière
2018,hommes,69,6413,France entière
2018,hommes,70,6477,France entière
2018,hommes,71,6841,France entière
2018,hommes,72,6192,France entière
2018,hommes,73,5673,France entière
2018,hommes,74,5923,France entière
2018,hommes,75,5979,France entière
2018,hommes,76,5875,France entière
2018,hommes,77,5783,France entière
2018,hommes,78,6928,France entière
2018,hommes,79,7440,France entière
2018,hommes,80,7700,France entière
2018,hommes,81,8371,France entière
2018,hommes,82,8666,France entière
2018,hommes,83,9458,France entière
2018,hommes,84,9648,France entière
2018,hommes,85,10254,France entière
2018,hommes,86,10551,France entière
2018,hommes,87,10617,France entière
2018,hommes,88,10337,France entière
2018,hommes,89,9775,France entière
2018,hommes,90,9211,France entière
2018,hommes,91,8348,France entière
2018,hommes,92,7483,France entière
2018,hommes,93,6356,France entière
2018,hommes,94,5156,France entière
2018,hommes,95,4328,France entière
2018,hommes,96,3528,France entière
2018,hommes,97,2649,France entière
2018,hommes,98,1602,France entière
2018,hommes,99,734,France entière
2018,hommes,100,1155,France entière
2019,hommes,0,1630,France entière
2019,hommes,1,135,France entière
2019,hommes,2,85,France entière
2019,hommes,3,50,France entière
2019,hommes,4,58,France entière
2019,hommes,5,43,France entière
2019,hommes,6,35,France entière
2019,hommes,7,40,France entière
2019,hommes,8,32,France entière
2019,hommes,9,37,France entière
2019,hommes,10,32,France entière
2019,hommes,11,32,France entière
2019,hommes,12,36,France entière
2019,hommes,13,43,France entière
2019,hommes,14,60,France entière
2019,hommes,15,75,France entière
2019,hommes,16,105,France entière
2019,hommes,17,127,France entière
2019,hommes,18,199,France entière
2019,hommes,19,228,France entière
2019,hommes,20,208,France entière
2019,hommes,21,206,France entière
2019,hommes,22,210,France entière
2019,hommes,23,217,France entière
2019,hommes,24,223,France entière
2019,hommes,25,223,France entière
2019,hommes,26,302,France entière
2019,hommes,27,250,France entière
2019,hommes,28,294,France entière
2019,hommes,29,287,France entière
2019,hommes,30,313,France entière
2019,hommes,31,346,France entière
2019,hommes,32,366,France entière
2019,hommes,33,385,France entière
2019,hommes,34,379,France entière
2019,hommes,35,405,France entière
2019,hommes,36,445,France entière
2019,hommes,37,498,France entière
2019,hommes,38,554,France entière
2019,hommes,39,571,France entière
2019,hommes,40,570,France entière
2019,hommes,41,598,France entière
2019,hommes,42,642,France entière
2019,hommes,43,730,France entière
2019,hommes,44,868,France entière
2019,hommes,45,964,France entière
2019,hommes,46,1092,France entière
2019,hommes,47,1251,France entière
2019,hommes,48,1382,France entière
2019,hommes,49,1452,France entière
2019,hommes,50,1643,France entière
2019,hommes,51,1673,France entière
2019,hommes,52,1944,France entière
2019,hommes,53,2151,France entière
2019,hommes,54,2253,France entière
2019,hommes,55,2530,France entière
2019,hommes,56,2695,France entière
2019,hommes,57,2788,France entière
2019,hommes,58,3123,France entière
2019,hommes,59,3469,France entière
2019,hommes,60,3676,France entière
2019,hommes,61,3968,France entière
2019,hommes,62,4170,France entière
2019,hommes,63,4563,France entière
2019,hommes,64,4683,France entière
2019,hommes,65,5059,France entière
2019,hommes,66,5367,France entière
2019,hommes,67,5510,France entière
2019,hommes,68,5803,France entière
2019,hommes,69,6378,France entière
2019,hommes,70,6726,France entière
2019,hommes,71,7027,France entière
2019,hommes,72,7097,France entière
2019,hommes,73,6351,France entière
2019,hommes,74,5907,France entière
2019,hommes,75,6139,France entière
2019,hommes,76,6347,France entière
2019,hommes,77,6249,France entière
2019,hommes,78,6091,France entière
2019,hommes,79,7320,France entière
2019,hommes,80,7755,France entière
2019,hommes,81,8223,France entière
2019,hommes,82,8560,France entière
2019,hommes,83,9080,France entière
2019,hommes,84,9766,France entière
2019,hommes,85,10047,France entière
2019,hommes,86,10385,France entière
2019,hommes,87,10606,France entière
2019,hommes,88,10507,France entière
2019,hommes,89,9850,France entière
2019,hommes,90,9186,France entière
2019,hommes,91,8542,France entière
2019,hommes,92,7582,France entière
2019,hommes,93,6513,France entière
2019,hommes,94,5494,France entière
2019,hommes,95,4335,France entière
2019,hommes,96,3425,France entière
2019,hommes,97,2733,France entière
2019,hommes,98,1897,France entière
2019,hommes,99,1222,France entière
2019,hommes,100,1219,France entière
2020,hommes,0,1456,France entière
2020,hommes,1,78,France entière
2020,hommes,2,76,France entière
2020,hommes,3,35,France entière
2020,hommes,4,50,France entière
2020,hommes,5,30,France entière
2020,hommes,6,27,France entière
2020,hommes,7,32,France entière
2020,hommes,8,37,France entière
2020,hommes,9,45,France entière
2020,hommes,10,26,France entière
2020,hommes,11,31,France entière
2020,hommes,12,47,France entière
2020,hommes,13,51,France entière
2020,hommes,14,61,France entière
2020,hommes,15,76,France entière
2020,hommes,16,96,France entière
2020,hommes,17,123,France entière
2020,hommes,18,195,France entière
2020,hommes,19,206,France entière
2020,hommes,20,222,France entière
2020,hommes,21,230,France entière
2020,hommes,22,216,France entière
2020,hommes,23,203,France entière
2020,hommes,24,208,France entière
2020,hommes,25,238,France entière
2020,hommes,26,232,France entière
2020,hommes,27,244,France entière
2020,hommes,28,277,France entière
2020,hommes,29,282,France entière
2020,hommes,30,285,France entière
2020,hommes,31,328,France entière
2020,hommes,32,290,France entière
2020,hommes,33,396,France entière
2020,hommes,34,420,France entière
2020,hommes,35,428,France entière
2020,hommes,36,440,France entière
2020,hommes,37,467,France entière
2020,hommes,38,525,France entière
2020,hommes,39,571,France entière
2020,hommes,40,612,France entière
2020,hommes,41,633,France entière
2020,hommes,42,701,France entière
2020,hommes,43,756,France entière
2020,hommes,44,807,France entière
2020,hommes,45,1009,France entière
2020,hommes,46,1048,France entière
2020,hommes,47,1264,France entière
2020,hommes,48,1422,France entière
2020,hommes,49,1565,France entière
2020,hommes,50,1611,France entière
2020,hommes,51,1858,France entière
2020,hommes,52,1909,France entière
2020,hommes,53,2077,France entière
2020,hommes,54,2311,France entière
2020,hommes,55,2526,France entière
2020,hommes,56,2796,France entière
2020,hommes,57,3052,France entière
2020,hommes,58,3207,France entière
2020,hommes,59,3511,France entière
2020,hommes,60,3838,France entière
2020,hommes,61,4063,France entière
2020,hommes,62,4498,France entière
2020,hommes,63,4656,France entière
2020,hommes,64,4901,France entière
2020,hommes,65,5235,France entière
2020,hommes,66,5544,France entière
2020,hommes,67,5803,France entière
2020,hommes,68,6343,France entière
2020,hommes,69,6613,France entière
2020,hommes,70,7096,France entière
2020,hommes,71,7498,France entière
2020,hommes,72,7989,France entière
2020,hommes,73,8141,France entière
2020,hommes,74,7509,France entière
2020,hommes,75,6855,France entière
2020,hommes,76,7282,France entière
2020,hommes,77,7468,France entière
2020,hommes,78,7360,France entière
2020,hommes,79,7284,France entière
2020,hommes,80,8572,France entière
2020,hommes,81,9034,France entière
2020,hommes,82,9596,France entière
2020,hommes,83,10143,France entière
2020,hommes,84,10688,France entière
2020,hommes,85,11261,France entière
2020,hommes,86,11354,France entière
2020,hommes,87,11679,France entière
2020,hommes,88,11779,France entière
2020,hommes,89,11569,France entière
2020,hommes,90,10610,France entière
2020,hommes,91,9520,France entière
2020,hommes,92,8637,France entière
2020,hommes,93,7250,France entière
2020,hommes,94,6327,France entière
2020,hommes,95,5015,France entière
2020,hommes,96,3969,France entière
2020,hommes,97,2819,France entière
2020,hommes,98,2123,France entière
2020,hommes,99,1530,France entière
2020,hommes,100,1689,France entière
2021,hommes,0,1519,France entière
2021,hommes,1,95,France entière
2021,hommes,2,70,France entière
2021,hommes,3,47,France entière
2021,hommes,4,50,France entière
2021,hommes,5,44,France entière
2021,hommes,6,42,France entière
2021,hommes,7,40,France entière
2021,hommes,8,31,France entière
2021,hommes,9,30,France entière
2021,hommes,10,30,France entière
2021,hommes,11,31,France entière
2021,hommes,12,43,France entière
2021,hommes,13,62,France entière
2021,hommes,14,52,France entière
2021,hommes,15,79,France entière
2021,hommes,16,104,France entière
2021,hommes,17,132,France entière
2021,hommes,18,140,France entière
2021,hommes,19,206,France entière
2021,hommes,20,231,France entière
2021,hommes,21,243,France entière
2021,hommes,22,258,France entière
2021,hommes,23,218,France entière
2021,hommes,24,228,France entière
2021,hommes,25,229,France entière
2021,hommes,26,258,France entière
2021,hommes,27,244,France entière
2021,hommes,28,263,France entière
2021,hommes,29,295,France entière
2021,hommes,30,322,France entière
2021,hommes,31,346,France entière
2021,hommes,32,357,France entière
2021,hommes,33,365,France entière
2021,hommes,34,383,France entière
2021,hommes,35,463,France entière
2021,hommes,36,448,France entière
2021,hommes,37,521,France entière
2021,hommes,38,517,France entière
2021,hommes,39,615,France entière
2021,hommes,40,636,France entière
2021,hommes,41,681,France entière
2021,hommes,42,723,France entière
2021,hommes,43,820,France entière
2021,hommes,44,817,France entière
2021,hommes,45,927,France entière
2021,hommes,46,1059,France entière
2021,hommes,47,1205,France entière
2021,hommes,48,1395,France entière
2021,hommes,49,1542,France entière
2021,hommes,50,1659,France entière
2021,hommes,51,1803,France entière
2021,hommes,52,1959,France entière
2021,hommes,53,2189,France entière
2021,hommes,54,2339,France entière
2021,hommes,55,2577,France entière
2021,hommes,56,2883,France entière
2021,hommes,57,3069,France entière
2021,hommes,58,3274,France entière
2021,hommes,59,3418,France entière
2021,hommes,60,3811,France entière
2021,hommes,61,4146,France entière
2021,hommes,62,4338,France entière
2021,hommes,63,4769,France entière
2021,hommes,64,4994,France entière
2021,hommes,65,5288,France entière
2021,hommes,66,5860,France entière
2021,hommes,67,6000,France entière
2021,hommes,68,6322,France entière
2021,hommes,69,6598,France entière
2021,hommes,70,7180,France entière
2021,hommes,71,7550,France entière
2021,hommes,72,7946,France entière
2021,hommes,73,8470,France entière
2021,hommes,74,8714,France entière
2021,hommes,75,7876,France entière
2021,hommes,76,7288,France entière
2021,hommes,77,7609,France entière
2021,hommes,78,7757,France entière
2021,hommes,79,7809,France entière
2021,hommes,80,7487,France entière
2021,hommes,81,8786,France entière
2021,hommes,82,9381,France entière
2021,hommes,83,10012,France entière
2021,hommes,84,10361,France entière
2021,hommes,85,10606,France entière
2021,hommes,86,10943,France entière
2021,hommes,87,11191,France entière
2021,hommes,88,11029,France entière
2021,hommes,89,11085,France entière
2021,hommes,90,10393,France entière
2021,hommes,91,9537,France entière
2021,hommes,92,8311,France entière
2021,hommes,93,7279,France entière
2021,hommes,94,5903,France entière
2021,hommes,95,4664,France entière
2021,hommes,96,3725,France entière
2021,hommes,97,2725,France entière
2021,hommes,98,2018,France entière
2021,hommes,99,1372,France entière
2021,hommes,100,1919,France entière
2022,hommes,0,1613,France entière
2022,hommes,1,94,France entière
2022,hommes,2,76,France entière
2022,hommes,3,62,France entière
2022,hommes,4,38,France entière
2022,hommes,5,42,France entière
2022,hommes,6,44,France entière
2022,hommes,7,29,France entière
2022,hommes,8,38,France entière
2022,hommes,9,40,France entière
2022,hommes,10,45,France entière
2022,hommes,11,45,France entière
2022,hommes,12,41,France entière
2022,hommes,13,47,France entière
2022,hommes,14,70,France entière
2022,hommes,15,74,France entière
2022,hommes,16,110,France entière
2022,hommes,17,108,France entière
2022,hommes,18,165,France entière
2022,hommes,19,229,France entière
2022,hommes,20,231,France entière
2022,hommes,21,260,France entière
2022,hommes,22,247,France entière
2022,hommes,23,254,France entière
2022,hommes,24,258,France entière
2022,hommes,25,245,France entière
2022,hommes,26,252,France entière
2022,hommes,27,273,France entière
2022,hommes,28,268,France entière
2022,hommes,29,273,France entière
2022,hommes,30,317,France entière
2022,hommes,31,308,France entière
2022,hommes,32,353,France entière
2022,hommes,33,376,France entière
2022,hommes,34,408,France entière
2022,hommes,35,435,France entière
2022,hommes,36,489,France entière
2022,hommes,37,501,France entière
2022,hommes,38,574,France entière
2022,hommes,39,641,France entière
2022,hommes,40,677,France entière
2022,hommes,41,727,France entière
2022,hommes,42,781,France entière
2022,hommes,43,796,France entière
2022,hommes,44,838,France entière
2022,hommes,45,911,France entière
2022,hommes,46,1008,France entière
2022,hommes,47,1149,France entière
2022,hommes,48,1324,France entière
2022,hommes,49,1431,France entière
2022,hommes,50,1694,France entière
2022,hommes,51,1787,France entière
2022,hommes,52,1965,France entière
2022,hommes,53,2121,France entière
2022,hommes,54,2294,France entière
2022,hommes,55,2436,France entière
2022,hommes,56,2753,France entière
2022,hommes,57,3023,France entière
2022,hommes,58,3260,France entière
2022,hommes,59,3379,France entière
2022,hommes,60,3727,France entière
2022,hommes,61,3989,France entière
2022,hommes,62,4387,France entière
2022,hommes,63,4695,France entière
2022,hommes,64,4960,France entière
2022,hommes,65,5178,France entière
2022,hommes,66,5730,France entière
2022,hommes,67,5851,France entière
2022,hommes,68,6007,France entière
2022,hommes,69,6508,France entière
2022,hommes,70,6854,France entière
2022,hommes,71,7284,France entière
2022,hommes,72,7812,France entière
2022,hommes,73,8466,France entière
2022,hommes,74,8664,France entière
2022,hommes,75,8945,France entière
2022,hommes,76,8282,France entière
2022,hommes,77,7518,France entière
2022,hommes,78,7888,France entière
2022,hommes,79,8103,France entière
2022,hommes,80,7938,France entière
2022,hommes,81,7735,France entière
2022,hommes,82,9040,France entière
2022,hommes,83,9494,France entière
2022,hommes,84,10158,France entière
2022,hommes,85,10543,France entière
2022,hommes,86,11008,France entière
2022,hommes,87,11183,France entière
2022,hommes,88,11301,France entière
2022,hommes,89,11115,France entière
2022,hommes,90,10795,France entière
2022,hommes,91,9917,France entière
2022,hommes,92,9030,France entière
2022,hommes,93,7455,France entière
2022,hommes,94,6417,France entière
2022,hommes,95,5153,France entière
2022,hommes,96,3971,France entière
2022,hommes,97,3046,France entière
2022,hommes,98,2162,France entière
2022,hommes,99,1503,France entière
2022,hommes,100,2339,France entière
2023,hommes,0,1445,France entière
2023,hommes,1,122,France entière
2023,hommes,2,70,France entière
2023,hommes,3,56,France entière
2023,hommes,4,46,France entière
2023,hommes,5,36,France entière
2023,hommes,6,31,France entière
2023,hommes,7,37,France entière
2023,hommes,8,25,France entière
2023,hommes,9,37,France entière
2023,hommes,10,28,France entière
2023,hommes,11,38,France entière
2023,hommes,12,41,France entière
2023,hommes,13,49,France entière
2023,hommes,14,67,France entière
2023,hommes,15,80,France entière
2023,hommes,16,120,France entière
2023,hommes,17,134,France entière
2023,hommes,18,178,France entière
2023,hommes,19,207,France entière
2023,hommes,20,238,France entière
2023,hommes,21,237,France entière
2023,hommes,22,261,France entière
2023,hommes,23,245,France entière
2023,hommes,24,246,France entière
2023,hommes,25,253,France entière
2023,hommes,26,242,France entière
2023,hommes,27,262,France entière
2023,hommes,28,278,France entière
2023,hommes,29,257,France entière
2023,hommes,30,306,France entière
2023,hommes,31,316,France entière
2023,hommes,32,345,France entière
2023,hommes,33,383,France entière
2023,hommes,34,399,France entière
2023,hommes,35,418,France entière
2023,hommes,36,459,France entière
2023,hommes,37,516,France entière
2023,hommes,38,547,France entière
2023,hommes,39,601,France entière
2023,hommes,40,625,France entière
2023,hommes,41,738,France entière
2023,hommes,42,762,France entière
2023,hommes,43,789,France entière
2023,hommes,44,835,France entière
2023,hommes,45,922,France entière
2023,hommes,46,931,France entière
2023,hommes,47,1008,France entière
2023,hommes,48,1182,France entière
2023,hommes,49,1348,France entière
2023,hommes,50,1611,France entière
2023,hommes,51,1663,France entière
2023,hommes,52,1902,France entière
2023,hommes,53,2037,France entière
2023,hommes,54,2183,France entière
2023,hommes,55,2414,France entière
2023,hommes,56,2552,France entière
2023,hommes,57,2775,France entière
2023,hommes,58,3031,France entière
2023,hommes,59,3283,France entière
2023,hommes,60,3470,France entière
2023,hommes,61,3759,France entière
2023,hommes,62,4170,France entière
2023,hommes,63,4427,France entière
2023,hommes,64,4545,France entière
2023,hommes,65,4972,France entière
2023,hommes,66,5287,France entière
2023,hommes,67,5619,France entière
2023,hommes,68,5876,France entière
2023,hommes,69,6144,France entière
2023,hommes,70,6579,France entière
2023,hommes,71,6874,France entière
2023,hommes,72,7372,France entière
2023,hommes,73,7802,France entière
2023,hommes,74,8267,France entière
2023,hommes,75,8757,France entière
2023,hommes,76,9134,France entière
2023,hommes,77,8132,France entière
2023,hommes,78,7525,France entière
2023,hommes,79,7976,France entière
2023,hommes,80,7804,France entière
2023,hommes,81,7765,France entière
2023,hommes,82,7629,France entière
2023,hommes,83,9005,France entière
2023,hommes,84,9462,France entière
2023,hommes,85,9816,France entière
2023,hommes,86,10072,France entière
2023,hommes,87,10419,France entière
2023,hommes,88,10249,France entière
2023,hommes,89,10119,France entière
2023,hommes,90,9812,France entière
2023,hommes,91,9217,France entière
2023,hommes,92,8398,France entière
2023,hommes,93,7158,France entière
2023,hommes,94,5960,France entière
2023,hommes,95,4897,France entière
2023,hommes,96,3779,France entière
2023,hommes,97,2782,France entière
2023,hommes,98,1898,France entière
2023,hommes,99,1340,France entière
2023,hommes,100,2208,France entière
2024,hommes,0,1513,France entière
2024,hommes,1,100,France entière
2024,hommes,2,77,France entière
2024,hommes,3,56,France entière
2024,hommes,4,56,France entière
2024,hommes,5,34,France entière
2024,hommes,6,38,France entière
2024,hommes,7,28,France entière
2024,hommes,8,35,France entière
2024,hommes,9,32,France entière
2024,hommes,10,37,France entière
2024,hommes,11,35,France entière
2024,hommes,12,48,France entière
2024,hommes,13,57,France entière
2024,hommes,14,52,France entière
2024,hommes,15,82,France entière
2024,hommes,16,109,France entière
2024,hommes,17,141,France entière
2024,hommes,18,201,France entière
2024,hommes,19,205,France entière
2024,hommes,20,201,France entière
2024,hommes,21,271,France entière
2024,hommes,22,248,France entière
2024,hommes,23,256,France entière
2024,hommes,24,242,France entière
2024,hommes,25,217,France entière
2024,hommes,26,277,France entière
2024,hommes,27,275,France entière
2024,hommes,28,316,France entière
2024,hommes,29,295,France entière
2024,hommes,30,296,France entière
2024,hommes,31,312,France entière
2024,hommes,32,327,France entière
2024,hommes,33,345,France entière
2024,hommes,34,391,France entière
2024,hommes,35,422,France entière
2024,hommes,36,480,France entière
2024,hommes,37,492,France entière
2024,hommes,38,535,France entière
2024,hommes,39,591,France entière
2024,hommes,40,628,France entière
2024,hommes,41,644,France entière
2024,hommes,42,742,France entière
2024,hommes,43,813,France entière
2024,hommes,44,905,France entière
2024,hommes,45,871,France entière
2024,hommes,46,982,France entière
2024,hommes,47,1062,France entière
2024,hommes,48,1153,France entière
2024,hommes,49,1268,France entière
2024,hommes,50,1497,France entière
2024,hommes,51,1698,France entière
2024,hommes,52,1881,France entière
2024,hommes,53,2060,France entière
2024,hommes,54,2162,France entière
2024,hommes,55,2356,France entière
2024,hommes,56,2578,France entière
2024,hommes,57,2796,France entière
2024,hommes,58,3073,France entière
2024,hommes,59,3196,France entière
2024,hommes,60,3517,France entière
2024,hommes,61,3694,France entière
2024,hommes,62,3848,France entière
2024,hommes,63,4382,France entière
2024,hommes,64,4602,France entière
2024,hommes,65,4964,France entière
2024,hommes,66,5109,France entière
2024,hommes,67,5620,France entière
2024,hommes,68,5772,France entière
2024,hommes,69,6115,France entière
2024,hommes,70,6289,France entière
2024,hommes,71,6763,France entière
2024,hommes,72,7064,France entière
2024,hommes,73,7684,France entière
2024,hommes,74,8318,France entière
2024,hommes,75,8536,France entière
2024,hommes,76,9192,France entière
2024,hommes,77,9533,France entière
2024,hommes,78,8489,France entière
2024,hommes,79,7752,France entière
2024,hommes,80,8050,France entière
2024,hommes,81,8376,France entière
2024,hommes,82,8210,France entière
2024,hommes,83,7937,France entière
2024,hommes,84,9363,France entière
2024,hommes,85,9825,France entière
2024,hommes,86,10043,France entière
2024,hommes,87,10101,France entière
2024,hommes,88,10233,France entière
2024,hommes,89,10180,France entière
2024,hommes,90,9827,France entière
2024,hommes,91,9331,France entière
2024,hommes,92,8542,France entière
2024,hommes,93,7568,France entière
2024,hommes,94,6259,France entière
2024,hommes,95,5007,France entière
2024,hommes,96,4062,France entière
2024,hommes,97,2931,France entière
2024,hommes,98,2197,France entière
2024,hommes,99,1459,France entière
2024,hommes,100,2287,France entière
